-- phpMyAdmin SQL Dump
-- version 5.2.1
-- https://www.phpmyadmin.net/
--
-- Host: localhost:3306
-- Generation Time: Jul 03, 2023 at 11:23 AM
-- Server version: 10.3.39-MariaDB
-- PHP Version: 8.1.16

SET SQL_MODE = "NO_AUTO_VALUE_ON_ZERO";
START TRANSACTION;
SET time_zone = "+00:00";


/*!40101 SET @OLD_CHARACTER_SET_CLIENT=@@CHARACTER_SET_CLIENT */;
/*!40101 SET @OLD_CHARACTER_SET_RESULTS=@@CHARACTER_SET_RESULTS */;
/*!40101 SET @OLD_COLLATION_CONNECTION=@@COLLATION_CONNECTION */;
/*!40101 SET NAMES utf8mb4 */;

--
-- Database: `seminaram_DB`
--

-- --------------------------------------------------------

--
-- Table structure for table `box`
--

CREATE TABLE `box` (
  `id` int(11) NOT NULL,
  `address_id` int(11) NOT NULL,
  `delivery_cost` bigint(20) NOT NULL,
  `year` year(4) NOT NULL,
  `month` int(11) NOT NULL,
  `day` int(11) NOT NULL,
  `time` time NOT NULL
) ENGINE=InnoDB DEFAULT CHARSET=latin1 COLLATE=latin1_swedish_ci;

--
-- Dumping data for table `box`
--

INSERT INTO `box` (`id`, `address_id`, `delivery_cost`, `year`, `month`, `day`, `time`) VALUES
(1, 1, 21, '2023', 1, 1, '14:30:00'),
(2, 1, 15, '2023', 1, 2, '09:45:00'),
(3, 3, 25, '2023', 1, 3, '16:20:00'),
(4, 4, 11, '2023', 1, 4, '12:15:00'),
(5, 5, 30, '2023', 1, 5, '18:30:00'),
(6, 6, 22, '2023', 1, 6, '10:00:00'),
(7, 7, 18, '2023', 1, 7, '15:45:00'),
(8, 5, 12, '2023', 1, 8, '11:30:00'),
(9, 9, 27, '2023', 1, 9, '17:00:00'),
(10, 2, 19, '2023', 1, 10, '09:15:00');

-- --------------------------------------------------------

--
-- Table structure for table `orders`
--

CREATE TABLE `orders` (
  `id` int(11) NOT NULL,
  `box_id` int(11) NOT NULL,
  `product_id` int(11) NOT NULL,
  `num` int(11) NOT NULL
) ENGINE=InnoDB DEFAULT CHARSET=latin1 COLLATE=latin1_swedish_ci;

--
-- Dumping data for table `orders`
--

INSERT INTO `orders` (`id`, `box_id`, `product_id`, `num`) VALUES
(1, 1, 1, 10),
(2, 1, 2, 5),
(3, 2, 3, 7),
(4, 3, 4, 3),
(5, 4, 5, 20),
(6, 5, 6, 8),
(7, 6, 7, 12),
(8, 7, 8, 2),
(9, 8, 9, 15),
(10, 9, 10, 4),
(11, 1, 1, 2),
(12, 1, 2, 1),
(13, 1, 1, 2),
(14, 1, 2, 1),
(15, 1, 1, 2),
(16, 1, 2, 1),
(17, 1, 1, 2),
(18, 1, 2, 1),
(19, 1, 1, 2),
(20, 1, 2, 1),
(21, 1, 1, 2),
(22, 1, 2, 1),
(23, 1, 1, 2),
(24, 1, 2, 1),
(25, 1, 1, 2),
(26, 1, 2, 1),
(27, 2, 3, 3),
(28, 5, 10, 3),
(29, 2, 1, 2),
(30, 6, 9, 7),
(31, 5, 7, 2),
(32, 8, 1, 7),
(33, 6, 2, 4),
(34, 5, 1, 9),
(35, 6, 7, 7),
(36, 1, 1, 10),
(37, 9, 9, 9),
(38, 3, 10, 5),
(39, 4, 9, 9),
(40, 1, 6, 1),
(41, 6, 8, 4),
(42, 4, 10, 4),
(43, 10, 6, 4),
(44, 2, 10, 3),
(45, 4, 10, 7),
(46, 9, 1, 10),
(47, 8, 8, 9),
(48, 2, 4, 4),
(49, 9, 3, 1),
(50, 8, 8, 6),
(51, 10, 3, 2),
(52, 5, 9, 3),
(53, 10, 5, 7),
(54, 1, 9, 10),
(55, 5, 7, 3),
(56, 7, 5, 10),
(57, 1, 7, 3),
(58, 5, 2, 10),
(59, 10, 6, 10),
(60, 9, 4, 3),
(61, 6, 2, 10),
(62, 3, 5, 6),
(63, 10, 9, 2),
(64, 7, 2, 3),
(65, 4, 4, 5),
(66, 3, 8, 4),
(67, 8, 1, 10),
(68, 9, 1, 7),
(69, 5, 2, 10),
(70, 3, 1, 2),
(71, 4, 1, 2),
(72, 8, 1, 2),
(73, 3, 3, 2),
(74, 2, 4, 8),
(75, 5, 9, 3),
(76, 5, 1, 6),
(77, 9, 10, 10),
(78, 4, 9, 8),
(79, 5, 2, 1),
(80, 7, 4, 1),
(81, 6, 10, 2),
(82, 9, 4, 10),
(83, 3, 9, 3),
(84, 2, 2, 3),
(85, 1, 4, 9),
(86, 8, 9, 9),
(87, 3, 1, 6),
(88, 3, 1, 8),
(89, 1, 3, 5),
(90, 10, 6, 10),
(91, 2, 4, 9),
(92, 8, 4, 1),
(93, 3, 1, 1),
(94, 4, 4, 9),
(95, 5, 8, 10),
(96, 10, 3, 2),
(97, 3, 4, 6),
(98, 2, 6, 2),
(99, 9, 6, 2),
(100, 6, 1, 6),
(101, 9, 1, 7),
(102, 8, 9, 7),
(103, 1, 2, 10),
(104, 10, 3, 3),
(105, 1, 4, 6),
(106, 2, 6, 5),
(107, 5, 8, 5),
(108, 3, 2, 3),
(109, 3, 2, 10),
(110, 4, 5, 4),
(111, 7, 7, 8),
(112, 5, 9, 7),
(113, 1, 1, 6),
(114, 3, 6, 7),
(115, 5, 7, 3),
(116, 3, 6, 5),
(117, 2, 9, 10),
(118, 1, 10, 7),
(119, 4, 9, 3),
(120, 8, 8, 5),
(121, 4, 1, 4),
(122, 1, 8, 7),
(123, 2, 7, 6),
(124, 5, 2, 1),
(125, 5, 2, 7),
(126, 9, 5, 4),
(127, 4, 3, 7),
(128, 4, 3, 7),
(129, 9, 8, 2),
(130, 7, 2, 6),
(131, 5, 4, 1),
(132, 4, 6, 1),
(133, 8, 6, 2),
(134, 10, 2, 2),
(135, 6, 4, 4),
(136, 4, 7, 2),
(137, 3, 2, 2),
(138, 4, 9, 1),
(139, 1, 5, 2),
(140, 9, 5, 3),
(141, 5, 5, 3),
(142, 9, 3, 5),
(143, 10, 4, 5),
(144, 7, 5, 7),
(145, 5, 4, 10),
(146, 8, 3, 3),
(147, 3, 2, 4),
(148, 1, 7, 7),
(149, 4, 9, 2),
(150, 1, 9, 5),
(151, 2, 10, 6),
(152, 3, 8, 8),
(153, 3, 5, 9),
(154, 5, 3, 2),
(155, 7, 9, 6),
(156, 4, 1, 2),
(157, 8, 7, 5),
(158, 9, 1, 6),
(159, 4, 8, 2),
(160, 10, 1, 5),
(161, 8, 8, 6),
(162, 8, 7, 9),
(163, 7, 4, 3),
(164, 5, 9, 5),
(165, 3, 5, 7),
(166, 10, 8, 4),
(167, 5, 3, 9),
(168, 4, 10, 8),
(169, 7, 7, 5),
(170, 10, 7, 6),
(171, 2, 10, 2),
(172, 3, 10, 9),
(173, 3, 8, 1),
(174, 6, 1, 3),
(175, 5, 4, 9),
(176, 9, 5, 5),
(177, 8, 7, 5),
(178, 10, 5, 2),
(179, 5, 4, 7),
(180, 3, 4, 1),
(181, 3, 4, 2),
(182, 2, 6, 9),
(183, 8, 3, 8),
(184, 9, 5, 6),
(185, 6, 8, 4),
(186, 6, 10, 6),
(187, 3, 10, 9),
(188, 7, 1, 3),
(189, 8, 9, 2),
(190, 4, 7, 5),
(191, 2, 2, 6),
(192, 7, 2, 9),
(193, 6, 2, 8),
(194, 5, 7, 5),
(195, 7, 4, 9),
(196, 7, 4, 6),
(197, 5, 3, 3),
(198, 1, 5, 3),
(199, 2, 1, 3),
(200, 4, 7, 8),
(201, 6, 3, 3),
(202, 3, 5, 9),
(203, 8, 3, 10),
(204, 10, 7, 5),
(205, 4, 2, 2),
(206, 8, 4, 4),
(207, 6, 9, 10),
(208, 4, 3, 1),
(209, 1, 5, 4),
(210, 8, 7, 7),
(211, 6, 9, 7),
(212, 8, 10, 3),
(213, 7, 4, 9),
(214, 5, 5, 6),
(215, 2, 2, 1),
(216, 7, 3, 2),
(217, 3, 9, 2),
(218, 5, 1, 9),
(219, 6, 9, 8),
(220, 6, 2, 6),
(221, 5, 4, 1),
(222, 6, 8, 1),
(223, 3, 8, 10),
(224, 1, 4, 2),
(225, 6, 5, 3),
(226, 10, 6, 5),
(227, 6, 6, 1),
(228, 10, 4, 8),
(229, 1, 3, 4),
(230, 4, 9, 2),
(231, 1, 9, 9),
(232, 7, 7, 8),
(233, 2, 8, 1),
(234, 4, 3, 2),
(235, 4, 3, 4),
(236, 4, 2, 9),
(237, 6, 2, 10),
(238, 5, 7, 2),
(239, 10, 9, 1),
(240, 1, 9, 6),
(241, 6, 3, 8),
(242, 3, 10, 3),
(243, 4, 6, 3),
(244, 10, 6, 2),
(245, 4, 5, 3),
(246, 5, 10, 8),
(247, 1, 4, 10),
(248, 10, 9, 9),
(249, 7, 6, 8),
(250, 3, 9, 2),
(251, 10, 9, 8),
(252, 8, 5, 4),
(253, 5, 5, 1),
(254, 8, 9, 2),
(255, 10, 10, 5),
(256, 1, 3, 3),
(257, 2, 8, 1),
(258, 9, 4, 1),
(259, 6, 1, 4),
(260, 2, 10, 9),
(261, 8, 3, 9),
(262, 8, 6, 3),
(263, 5, 9, 6),
(264, 1, 1, 7),
(265, 4, 9, 7),
(266, 1, 2, 1),
(267, 1, 6, 6),
(268, 3, 9, 8),
(269, 8, 2, 2),
(270, 8, 2, 10),
(271, 10, 9, 9),
(272, 10, 8, 9),
(273, 8, 1, 4),
(274, 4, 9, 7),
(275, 2, 4, 9),
(276, 5, 3, 7),
(277, 3, 6, 6),
(278, 7, 8, 1),
(279, 10, 4, 5),
(280, 7, 6, 1),
(281, 10, 8, 3),
(282, 5, 8, 2),
(283, 6, 4, 8),
(284, 4, 1, 4),
(285, 3, 2, 6),
(286, 7, 7, 4),
(287, 9, 10, 5),
(288, 1, 2, 9),
(289, 7, 8, 2),
(290, 8, 4, 9),
(291, 4, 4, 8),
(292, 7, 10, 2),
(293, 4, 5, 4),
(294, 1, 5, 2),
(295, 3, 5, 3),
(296, 1, 6, 1),
(297, 5, 5, 5),
(298, 2, 7, 6),
(299, 7, 10, 9),
(300, 6, 8, 4),
(301, 4, 9, 3),
(302, 8, 9, 9),
(303, 10, 7, 4),
(304, 8, 2, 4),
(305, 3, 4, 2),
(306, 8, 4, 7),
(307, 10, 5, 7),
(308, 2, 4, 1),
(309, 1, 8, 10),
(310, 3, 4, 7),
(311, 5, 3, 7),
(312, 6, 7, 9),
(313, 5, 4, 3),
(314, 9, 7, 4),
(315, 2, 4, 5),
(316, 3, 6, 8),
(317, 4, 4, 10),
(318, 5, 2, 3),
(319, 1, 1, 5),
(320, 9, 4, 8),
(321, 4, 7, 2),
(322, 4, 9, 1),
(323, 8, 8, 4),
(324, 9, 1, 6),
(325, 8, 2, 10),
(326, 9, 2, 1),
(327, 8, 2, 2),
(328, 10, 1, 3),
(329, 5, 4, 8),
(330, 7, 3, 4),
(331, 1, 1, 6),
(332, 8, 8, 10),
(333, 2, 4, 8),
(334, 4, 5, 8),
(335, 2, 8, 9),
(336, 3, 7, 4),
(337, 8, 2, 6),
(338, 10, 8, 3),
(339, 2, 3, 5),
(340, 7, 7, 10),
(341, 7, 1, 7),
(342, 5, 1, 9),
(343, 3, 6, 3),
(344, 10, 6, 9),
(345, 3, 8, 2),
(346, 6, 3, 5),
(347, 6, 10, 7),
(348, 10, 9, 4),
(349, 2, 1, 4),
(350, 3, 2, 2),
(351, 1, 4, 10),
(352, 1, 1, 1),
(353, 4, 3, 9),
(354, 1, 9, 5),
(355, 2, 5, 10),
(356, 8, 2, 4),
(357, 9, 6, 9),
(358, 7, 8, 3),
(359, 4, 6, 4),
(360, 9, 3, 1),
(361, 10, 6, 6),
(362, 6, 5, 3),
(363, 6, 3, 4),
(364, 6, 4, 6),
(365, 4, 4, 10),
(366, 4, 9, 1),
(367, 6, 2, 6),
(368, 6, 2, 9),
(369, 7, 7, 7),
(370, 5, 9, 3),
(371, 6, 6, 10),
(372, 1, 5, 5),
(373, 2, 6, 8),
(374, 10, 9, 6),
(375, 6, 2, 10),
(376, 8, 8, 8),
(377, 5, 2, 9),
(378, 1, 10, 3),
(379, 5, 6, 5),
(380, 10, 9, 7),
(381, 1, 1, 3),
(382, 4, 3, 1),
(383, 2, 5, 10),
(384, 4, 4, 5),
(385, 5, 7, 8),
(386, 2, 6, 8),
(387, 4, 8, 7),
(388, 4, 5, 6),
(389, 7, 10, 7),
(390, 6, 4, 6),
(391, 8, 9, 1),
(392, 2, 1, 9),
(393, 5, 7, 5),
(394, 1, 2, 9),
(395, 4, 9, 6),
(396, 4, 6, 2),
(397, 5, 1, 7),
(398, 10, 5, 8),
(399, 3, 4, 2),
(400, 6, 1, 8),
(401, 5, 4, 9),
(402, 6, 1, 3),
(403, 5, 3, 6),
(404, 7, 7, 4),
(405, 10, 1, 8),
(406, 5, 5, 8),
(407, 9, 7, 6),
(408, 3, 10, 1),
(409, 2, 9, 9),
(410, 4, 5, 7),
(411, 10, 10, 3),
(412, 9, 1, 9),
(413, 6, 3, 8),
(414, 2, 7, 4),
(415, 3, 8, 5),
(416, 10, 6, 9),
(417, 4, 3, 6),
(418, 4, 9, 1),
(419, 5, 5, 7),
(420, 3, 3, 9),
(421, 8, 7, 7),
(422, 8, 2, 3),
(423, 6, 10, 1),
(424, 3, 3, 1),
(425, 8, 8, 6),
(426, 10, 6, 5),
(427, 2, 2, 2),
(428, 8, 1, 8),
(429, 2, 10, 1),
(430, 1, 2, 10),
(431, 4, 6, 9),
(432, 1, 4, 6),
(433, 3, 10, 1),
(434, 10, 8, 10),
(435, 8, 4, 2),
(436, 9, 2, 7),
(437, 5, 3, 5),
(438, 1, 6, 9),
(439, 9, 5, 1),
(440, 9, 1, 5),
(441, 1, 5, 7),
(442, 8, 1, 10),
(443, 10, 5, 7),
(444, 3, 8, 7),
(445, 10, 2, 4),
(446, 8, 8, 6),
(447, 10, 2, 4),
(448, 3, 2, 10),
(449, 6, 7, 4),
(450, 8, 8, 5),
(451, 8, 8, 5),
(452, 8, 7, 9),
(453, 2, 9, 3),
(454, 9, 1, 6),
(455, 6, 5, 2),
(456, 3, 4, 1),
(457, 3, 7, 5),
(458, 10, 7, 8),
(459, 2, 7, 1),
(460, 6, 10, 9),
(461, 1, 2, 2),
(462, 2, 7, 8),
(463, 10, 1, 3),
(464, 6, 4, 8),
(465, 1, 1, 10),
(466, 5, 1, 1),
(467, 8, 1, 3),
(468, 2, 7, 1),
(469, 3, 8, 1),
(470, 6, 6, 9),
(471, 1, 10, 2),
(472, 1, 6, 5),
(473, 4, 6, 7),
(474, 7, 6, 5),
(475, 3, 10, 8),
(476, 4, 6, 5),
(477, 5, 3, 4),
(478, 9, 5, 2),
(479, 9, 10, 10),
(480, 6, 5, 8),
(481, 9, 5, 1),
(482, 8, 6, 5),
(483, 9, 1, 7),
(484, 1, 2, 9),
(485, 2, 4, 1),
(486, 5, 1, 10),
(487, 6, 4, 8),
(488, 3, 7, 7),
(489, 9, 7, 9),
(490, 1, 5, 10),
(491, 9, 2, 8),
(492, 9, 1, 6),
(493, 7, 3, 7),
(494, 9, 6, 10),
(495, 3, 10, 10),
(496, 8, 10, 4),
(497, 1, 1, 6),
(498, 6, 3, 6),
(499, 7, 9, 5),
(500, 1, 1, 5),
(501, 5, 1, 7),
(502, 2, 7, 9),
(503, 8, 5, 9),
(504, 10, 3, 5),
(505, 7, 9, 6),
(506, 8, 5, 3),
(507, 7, 3, 4),
(508, 6, 8, 1),
(509, 10, 8, 2),
(510, 8, 10, 1),
(511, 10, 7, 3),
(512, 8, 10, 7),
(513, 8, 1, 8),
(514, 10, 7, 1),
(515, 3, 4, 1),
(516, 4, 9, 8),
(517, 8, 7, 5),
(518, 9, 1, 2),
(519, 9, 7, 2),
(520, 8, 5, 9),
(521, 4, 4, 4),
(522, 9, 2, 10),
(523, 6, 8, 9),
(524, 4, 1, 4),
(525, 5, 5, 1),
(526, 8, 5, 4),
(527, 5, 4, 3),
(528, 4, 6, 6),
(529, 1, 8, 2),
(530, 8, 9, 6),
(531, 2, 7, 9),
(532, 7, 2, 4),
(533, 4, 4, 6),
(534, 9, 3, 2),
(535, 5, 6, 6),
(536, 7, 8, 6),
(537, 7, 9, 2),
(538, 7, 1, 6),
(539, 7, 10, 6),
(540, 2, 3, 9),
(541, 7, 10, 1),
(542, 3, 4, 10),
(543, 8, 8, 8),
(544, 5, 4, 8),
(545, 2, 7, 2),
(546, 4, 2, 3),
(547, 6, 3, 9),
(548, 2, 1, 7),
(549, 10, 8, 6),
(550, 8, 2, 1),
(551, 5, 7, 10),
(552, 9, 9, 6),
(553, 7, 3, 2),
(554, 2, 6, 3),
(555, 7, 4, 5),
(556, 5, 3, 2),
(557, 3, 4, 7),
(558, 8, 4, 9),
(559, 10, 8, 6),
(560, 2, 5, 4),
(561, 1, 8, 10),
(562, 2, 6, 6),
(563, 4, 1, 4),
(564, 10, 7, 7),
(565, 8, 6, 5),
(566, 9, 4, 1),
(567, 10, 10, 10),
(568, 8, 10, 6),
(569, 9, 1, 8),
(570, 2, 5, 6),
(571, 7, 2, 2),
(572, 5, 7, 9),
(573, 8, 5, 5),
(574, 9, 10, 8),
(575, 8, 5, 1),
(576, 3, 2, 6),
(577, 6, 10, 2),
(578, 4, 5, 2),
(579, 8, 9, 4),
(580, 7, 7, 10),
(581, 6, 5, 6),
(582, 2, 6, 6),
(583, 7, 4, 9),
(584, 4, 4, 4),
(585, 10, 3, 1),
(586, 10, 1, 2),
(587, 4, 1, 2),
(588, 1, 2, 3),
(589, 1, 10, 9),
(590, 1, 4, 9),
(591, 1, 7, 2),
(592, 6, 8, 8),
(593, 8, 2, 9),
(594, 2, 2, 8),
(595, 10, 1, 3),
(596, 4, 10, 3),
(597, 7, 2, 7),
(598, 9, 3, 2),
(599, 9, 5, 5),
(600, 7, 10, 6),
(601, 10, 6, 7),
(602, 7, 4, 6),
(603, 3, 9, 7),
(604, 1, 8, 6),
(605, 4, 6, 8),
(606, 9, 4, 1),
(607, 10, 9, 10),
(608, 3, 4, 1),
(609, 2, 9, 5),
(610, 7, 10, 1),
(611, 5, 2, 4),
(612, 10, 6, 3),
(613, 2, 10, 9),
(614, 3, 3, 2),
(615, 2, 8, 2),
(616, 7, 10, 7),
(617, 9, 7, 4),
(618, 2, 8, 3),
(619, 7, 2, 1),
(620, 10, 10, 5),
(621, 2, 5, 10),
(622, 4, 4, 7),
(623, 2, 3, 1),
(624, 2, 9, 6),
(625, 7, 10, 2),
(626, 5, 8, 10),
(627, 8, 8, 2),
(628, 4, 7, 7),
(629, 3, 1, 5),
(630, 2, 1, 4),
(631, 9, 4, 7),
(632, 9, 2, 3),
(633, 5, 9, 3),
(634, 10, 6, 5),
(635, 5, 2, 1),
(636, 2, 5, 7),
(637, 5, 9, 8),
(638, 9, 4, 4),
(639, 5, 9, 8),
(640, 7, 10, 4),
(641, 5, 1, 1),
(642, 2, 9, 5),
(643, 2, 5, 1),
(644, 4, 7, 4),
(645, 1, 10, 5),
(646, 4, 2, 4),
(647, 1, 5, 2),
(648, 6, 2, 2),
(649, 9, 6, 6),
(650, 10, 3, 10),
(651, 6, 8, 5),
(652, 3, 2, 6),
(653, 4, 4, 5),
(654, 5, 1, 6),
(655, 1, 1, 2),
(656, 4, 4, 1),
(657, 6, 8, 2),
(658, 7, 5, 8),
(659, 8, 9, 3),
(660, 7, 7, 10),
(661, 2, 10, 9),
(662, 1, 5, 6),
(663, 7, 2, 8),
(664, 10, 10, 10),
(665, 8, 5, 6),
(666, 2, 1, 10),
(667, 5, 10, 10),
(668, 9, 3, 6),
(669, 9, 4, 1),
(670, 10, 6, 2),
(671, 5, 1, 3),
(672, 6, 1, 7),
(673, 2, 1, 7),
(674, 2, 1, 9),
(675, 6, 10, 10),
(676, 2, 1, 5),
(677, 3, 4, 4),
(678, 5, 6, 7),
(679, 10, 6, 8),
(680, 4, 1, 8),
(681, 3, 8, 6),
(682, 10, 3, 8),
(683, 1, 7, 4),
(684, 3, 10, 2),
(685, 1, 5, 4),
(686, 4, 5, 1),
(687, 6, 8, 10),
(688, 1, 4, 2),
(689, 1, 5, 5),
(690, 4, 8, 10),
(691, 10, 9, 3),
(692, 1, 9, 3),
(693, 8, 8, 7),
(694, 6, 10, 7),
(695, 1, 4, 10),
(696, 2, 6, 4),
(697, 10, 7, 4),
(698, 5, 8, 8),
(699, 2, 7, 10),
(700, 3, 5, 4),
(701, 8, 5, 7),
(702, 9, 9, 9),
(703, 9, 9, 7),
(704, 6, 1, 2),
(705, 7, 7, 3),
(706, 7, 7, 6),
(707, 5, 9, 7),
(708, 4, 8, 4),
(709, 4, 5, 2),
(710, 7, 1, 6),
(711, 1, 4, 10),
(712, 4, 6, 1),
(713, 5, 9, 3),
(714, 7, 2, 3),
(715, 7, 10, 5),
(716, 4, 4, 7),
(717, 2, 8, 6),
(718, 2, 7, 6),
(719, 3, 3, 3),
(720, 4, 3, 8),
(721, 1, 5, 10),
(722, 9, 4, 3),
(723, 7, 6, 10),
(724, 1, 8, 1),
(725, 10, 1, 10),
(726, 1, 9, 4),
(727, 9, 6, 6),
(728, 6, 1, 1),
(729, 1, 1, 9),
(730, 5, 5, 7),
(731, 8, 1, 8),
(732, 8, 5, 8),
(733, 8, 10, 10),
(734, 4, 5, 6),
(735, 10, 3, 6),
(736, 9, 7, 3),
(737, 10, 9, 10),
(738, 4, 10, 4),
(739, 9, 8, 8),
(740, 2, 4, 5),
(741, 10, 2, 1),
(742, 9, 3, 6),
(743, 6, 1, 10),
(744, 10, 5, 10),
(745, 2, 7, 5),
(746, 4, 9, 1),
(747, 9, 2, 3),
(748, 2, 6, 7),
(749, 8, 8, 10),
(750, 5, 1, 4),
(751, 3, 9, 3),
(752, 4, 8, 3),
(753, 3, 5, 9),
(754, 3, 1, 6),
(755, 1, 5, 9),
(756, 5, 5, 4),
(757, 6, 10, 1),
(758, 7, 10, 2),
(759, 7, 2, 5),
(760, 10, 10, 8),
(761, 10, 4, 3),
(762, 3, 7, 7),
(763, 6, 5, 4),
(764, 8, 1, 10),
(765, 3, 5, 7),
(766, 9, 4, 10),
(767, 2, 4, 7),
(768, 4, 9, 3),
(769, 7, 1, 6),
(770, 5, 1, 8),
(771, 4, 1, 2),
(772, 7, 6, 1),
(773, 1, 5, 6),
(774, 10, 8, 6),
(775, 2, 3, 4),
(776, 9, 6, 3),
(777, 10, 6, 9),
(778, 1, 8, 9),
(779, 2, 4, 2),
(780, 2, 3, 5),
(781, 2, 8, 1),
(782, 7, 3, 10),
(783, 9, 1, 3),
(784, 10, 1, 3),
(785, 10, 3, 2),
(786, 9, 3, 10),
(787, 9, 6, 4),
(788, 3, 4, 10),
(789, 3, 1, 1),
(790, 4, 9, 3),
(791, 3, 3, 2),
(792, 10, 6, 9),
(793, 3, 8, 5),
(794, 10, 1, 4),
(795, 7, 2, 7),
(796, 4, 8, 6),
(797, 4, 9, 2),
(798, 5, 5, 3),
(799, 1, 5, 5),
(800, 6, 2, 10),
(801, 10, 8, 4),
(802, 10, 7, 2),
(803, 4, 2, 2),
(804, 10, 9, 2),
(805, 3, 4, 9),
(806, 8, 2, 4),
(807, 3, 3, 5),
(808, 6, 5, 1),
(809, 5, 4, 5),
(810, 3, 5, 8),
(811, 4, 1, 4),
(812, 7, 7, 6),
(813, 10, 10, 7),
(814, 10, 3, 4),
(815, 2, 10, 6),
(816, 3, 3, 5),
(817, 3, 1, 8),
(818, 3, 3, 9),
(819, 7, 5, 10),
(820, 10, 4, 3),
(821, 2, 5, 6),
(822, 2, 3, 5),
(823, 2, 8, 8),
(824, 10, 7, 9),
(825, 5, 9, 7),
(826, 9, 8, 2),
(827, 10, 10, 2),
(828, 4, 1, 3),
(829, 4, 6, 7),
(830, 3, 5, 3),
(831, 2, 7, 9),
(832, 9, 5, 4),
(833, 4, 9, 4),
(834, 5, 6, 10),
(835, 5, 9, 4),
(836, 8, 9, 7),
(837, 3, 8, 4),
(838, 7, 8, 1),
(839, 6, 6, 3),
(840, 10, 8, 8),
(841, 10, 7, 7),
(842, 7, 3, 2),
(843, 9, 4, 2),
(844, 7, 9, 8),
(845, 10, 5, 1),
(846, 5, 6, 8),
(847, 3, 6, 6),
(848, 1, 2, 6),
(849, 4, 1, 5),
(850, 6, 7, 8),
(851, 9, 3, 6),
(852, 3, 7, 1),
(853, 1, 1, 4),
(854, 5, 8, 10),
(855, 10, 1, 9),
(856, 8, 9, 5),
(857, 7, 4, 6),
(858, 9, 6, 6),
(859, 1, 9, 3),
(860, 5, 3, 5),
(861, 3, 9, 9),
(862, 4, 7, 7),
(863, 5, 4, 8),
(864, 5, 4, 2),
(865, 7, 9, 8),
(866, 8, 9, 2),
(867, 3, 6, 10),
(868, 1, 3, 6),
(869, 4, 1, 9),
(870, 1, 9, 7),
(871, 6, 6, 1),
(872, 3, 3, 8),
(873, 1, 2, 5),
(874, 5, 7, 3),
(875, 4, 2, 5),
(876, 1, 8, 4),
(877, 10, 5, 6),
(878, 8, 3, 9),
(879, 9, 3, 2),
(880, 7, 7, 6),
(881, 9, 9, 7),
(882, 3, 7, 3),
(883, 10, 4, 6),
(884, 7, 4, 2),
(885, 7, 9, 9),
(886, 9, 4, 6),
(887, 2, 1, 5),
(888, 4, 8, 10),
(889, 7, 6, 4),
(890, 5, 8, 1),
(891, 4, 6, 8),
(892, 8, 10, 3),
(893, 8, 9, 3),
(894, 3, 8, 4),
(895, 5, 7, 6),
(896, 2, 10, 3),
(897, 9, 7, 6),
(898, 7, 6, 8),
(899, 7, 3, 6),
(900, 4, 1, 10),
(901, 1, 8, 5),
(902, 5, 5, 9),
(903, 9, 6, 7),
(904, 5, 6, 5),
(905, 10, 6, 4),
(906, 7, 10, 7),
(907, 3, 6, 6),
(908, 3, 9, 6),
(909, 10, 7, 2),
(910, 7, 9, 4),
(911, 5, 5, 1),
(912, 1, 9, 8),
(913, 7, 2, 4),
(914, 8, 5, 10),
(915, 8, 4, 10),
(916, 6, 1, 2),
(917, 5, 4, 4),
(918, 2, 1, 10),
(919, 5, 8, 8),
(920, 10, 6, 5),
(921, 9, 2, 4),
(922, 9, 5, 2),
(923, 9, 8, 4),
(924, 6, 1, 9),
(925, 2, 6, 9),
(926, 8, 7, 8),
(927, 5, 10, 2),
(928, 9, 4, 2),
(929, 7, 7, 4),
(930, 10, 5, 9),
(931, 9, 9, 1),
(932, 7, 8, 6),
(933, 6, 1, 9),
(934, 9, 3, 4),
(935, 9, 7, 4),
(936, 7, 1, 6),
(937, 1, 1, 7),
(938, 9, 2, 7),
(939, 8, 4, 9),
(940, 10, 10, 8),
(941, 8, 6, 4),
(942, 4, 2, 5),
(943, 5, 5, 7),
(944, 7, 7, 7),
(945, 10, 2, 10),
(946, 6, 3, 8),
(947, 5, 10, 2),
(948, 3, 2, 6),
(949, 4, 10, 10),
(950, 5, 7, 10),
(951, 3, 10, 8),
(952, 2, 3, 6),
(953, 5, 3, 10),
(954, 1, 5, 6),
(955, 6, 1, 5),
(956, 7, 2, 7),
(957, 7, 5, 3),
(958, 7, 2, 7),
(959, 1, 3, 1),
(960, 9, 7, 8),
(961, 4, 4, 2),
(962, 9, 3, 5),
(963, 8, 4, 5),
(964, 6, 5, 10),
(965, 9, 7, 5),
(966, 4, 10, 3),
(967, 6, 1, 7),
(968, 9, 10, 4),
(969, 9, 6, 5),
(970, 3, 2, 8),
(971, 9, 5, 3),
(972, 8, 3, 5),
(973, 3, 2, 9),
(974, 3, 7, 7),
(975, 9, 2, 4),
(976, 7, 2, 3),
(977, 2, 4, 8),
(978, 8, 2, 5),
(979, 3, 1, 1),
(980, 2, 5, 8),
(981, 10, 1, 2),
(982, 2, 2, 4),
(983, 8, 6, 1),
(984, 5, 1, 5),
(985, 6, 5, 9),
(986, 2, 3, 6),
(987, 3, 2, 10),
(988, 3, 5, 3),
(989, 8, 10, 6),
(990, 6, 5, 1),
(991, 5, 3, 3),
(992, 6, 1, 7),
(993, 6, 6, 4),
(994, 7, 6, 8),
(995, 1, 3, 3),
(996, 2, 9, 1),
(997, 3, 6, 7),
(998, 3, 6, 8),
(999, 9, 5, 3),
(1000, 9, 2, 4),
(1001, 2, 4, 1),
(1002, 2, 7, 5),
(1003, 1, 6, 10),
(1004, 10, 6, 5),
(1005, 7, 5, 1),
(1006, 6, 8, 1),
(1007, 1, 4, 6),
(1008, 6, 10, 8),
(1009, 4, 6, 7),
(1010, 6, 1, 6),
(1011, 3, 7, 1),
(1012, 2, 6, 2),
(1013, 3, 3, 10),
(1014, 2, 6, 10),
(1015, 4, 1, 8),
(1016, 9, 6, 9),
(1017, 2, 3, 5),
(1018, 1, 2, 7),
(1019, 8, 8, 8),
(1020, 4, 6, 3),
(1021, 9, 3, 5),
(1022, 1, 10, 5),
(1023, 7, 2, 2),
(1024, 6, 3, 2),
(1025, 4, 8, 10),
(1026, 7, 4, 3),
(1027, 3, 9, 6),
(1028, 5, 4, 4),
(1029, 1, 2, 4),
(1030, 6, 4, 2),
(1031, 6, 4, 8),
(1032, 2, 1, 2),
(1033, 7, 5, 7),
(1034, 9, 10, 2),
(1035, 1, 3, 5),
(1036, 10, 8, 6),
(1037, 3, 9, 10),
(1038, 1, 8, 7),
(1039, 6, 3, 8),
(1040, 7, 4, 6),
(1041, 3, 1, 9),
(1042, 3, 5, 10),
(1043, 3, 8, 7),
(1044, 8, 10, 6),
(1045, 2, 8, 4),
(1046, 7, 6, 7),
(1047, 7, 4, 9),
(1048, 7, 10, 8),
(1049, 4, 2, 10),
(1050, 1, 9, 2),
(1051, 3, 9, 2),
(1052, 4, 10, 9),
(1053, 3, 1, 9),
(1054, 4, 1, 6),
(1055, 6, 9, 9),
(1056, 6, 9, 10),
(1057, 10, 2, 9),
(1058, 4, 10, 1),
(1059, 3, 9, 8),
(1060, 8, 5, 5),
(1061, 1, 5, 10),
(1062, 5, 9, 7),
(1063, 10, 6, 6),
(1064, 5, 3, 7),
(1065, 8, 9, 8),
(1066, 1, 8, 5),
(1067, 7, 8, 9),
(1068, 10, 1, 5),
(1069, 6, 6, 7),
(1070, 9, 4, 1),
(1071, 6, 1, 3),
(1072, 9, 5, 2),
(1073, 6, 9, 2),
(1074, 3, 2, 2),
(1075, 5, 2, 8),
(1076, 6, 5, 7),
(1077, 6, 3, 4),
(1078, 5, 7, 1),
(1079, 8, 3, 8),
(1080, 8, 4, 8),
(1081, 1, 1, 7),
(1082, 6, 3, 7),
(1083, 8, 6, 10),
(1084, 10, 10, 2),
(1085, 6, 6, 7),
(1086, 8, 9, 7),
(1087, 2, 10, 4),
(1088, 7, 4, 5),
(1089, 3, 3, 1),
(1090, 4, 7, 1),
(1091, 3, 1, 8),
(1092, 7, 2, 10),
(1093, 2, 9, 9),
(1094, 5, 8, 1),
(1095, 6, 8, 2),
(1096, 8, 7, 9),
(1097, 1, 3, 4),
(1098, 6, 6, 7),
(1099, 5, 2, 7),
(1100, 2, 3, 1),
(1101, 8, 3, 8),
(1102, 8, 9, 9),
(1103, 10, 1, 7),
(1104, 10, 5, 1),
(1105, 10, 10, 8),
(1106, 3, 9, 7),
(1107, 6, 4, 9),
(1108, 5, 7, 8),
(1109, 6, 8, 2),
(1110, 4, 3, 7),
(1111, 9, 5, 8),
(1112, 9, 10, 4),
(1113, 4, 9, 3),
(1114, 9, 7, 7),
(1115, 3, 9, 8),
(1116, 1, 4, 2),
(1117, 5, 6, 8),
(1118, 8, 6, 2),
(1119, 5, 5, 3),
(1120, 5, 1, 2),
(1121, 5, 1, 6),
(1122, 3, 9, 6),
(1123, 10, 10, 5),
(1124, 7, 5, 3),
(1125, 4, 9, 5),
(1126, 5, 5, 7),
(1127, 8, 7, 3),
(1128, 7, 3, 5),
(1129, 7, 7, 10),
(1130, 2, 4, 7),
(1131, 10, 5, 1),
(1132, 8, 4, 8),
(1133, 9, 2, 4),
(1134, 2, 4, 1),
(1135, 9, 7, 4),
(1136, 8, 10, 10),
(1137, 5, 3, 2),
(1138, 4, 3, 1),
(1139, 8, 10, 9),
(1140, 3, 10, 3),
(1141, 10, 4, 8),
(1142, 4, 8, 9),
(1143, 5, 4, 9),
(1144, 3, 9, 5),
(1145, 5, 5, 5),
(1146, 8, 10, 1),
(1147, 1, 6, 4),
(1148, 4, 2, 8),
(1149, 3, 5, 3),
(1150, 2, 10, 10),
(1151, 6, 1, 10),
(1152, 5, 4, 9),
(1153, 7, 6, 4),
(1154, 1, 7, 9),
(1155, 4, 1, 5),
(1156, 6, 10, 1),
(1157, 7, 1, 8),
(1158, 2, 1, 6),
(1159, 2, 7, 1),
(1160, 2, 1, 4),
(1161, 2, 10, 9),
(1162, 10, 1, 4),
(1163, 10, 8, 1),
(1164, 8, 3, 5),
(1165, 6, 7, 6),
(1166, 10, 1, 6),
(1167, 1, 8, 1),
(1168, 3, 4, 1),
(1169, 2, 7, 5),
(1170, 6, 7, 2),
(1171, 3, 1, 1),
(1172, 1, 4, 3),
(1173, 6, 10, 7),
(1174, 6, 10, 8),
(1175, 3, 7, 9),
(1176, 1, 1, 4),
(1177, 8, 5, 1),
(1178, 6, 1, 6),
(1179, 5, 2, 3),
(1180, 3, 9, 5),
(1181, 9, 9, 2),
(1182, 4, 1, 3),
(1183, 1, 2, 4),
(1184, 1, 8, 9),
(1185, 10, 7, 4),
(1186, 5, 4, 1),
(1187, 7, 1, 5),
(1188, 4, 9, 7),
(1189, 1, 6, 5),
(1190, 4, 7, 9),
(1191, 6, 5, 3),
(1192, 8, 2, 8),
(1193, 1, 9, 8),
(1194, 10, 6, 8),
(1195, 8, 6, 9),
(1196, 1, 7, 5),
(1197, 6, 10, 3),
(1198, 1, 3, 2),
(1199, 1, 7, 1),
(1200, 3, 6, 6),
(1201, 3, 7, 5),
(1202, 10, 10, 10),
(1203, 1, 3, 8),
(1204, 6, 4, 4),
(1205, 5, 1, 10),
(1206, 4, 4, 8),
(1207, 6, 5, 4),
(1208, 9, 10, 4),
(1209, 8, 1, 1),
(1210, 10, 6, 8),
(1211, 9, 8, 7),
(1212, 5, 6, 6),
(1213, 8, 2, 9),
(1214, 1, 9, 3),
(1215, 2, 6, 8),
(1216, 4, 6, 1),
(1217, 4, 10, 5),
(1218, 7, 2, 9),
(1219, 10, 1, 3),
(1220, 1, 8, 2),
(1221, 5, 2, 5),
(1222, 2, 8, 9),
(1223, 9, 2, 4),
(1224, 3, 6, 1),
(1225, 9, 6, 5),
(1226, 2, 5, 9),
(1227, 2, 5, 2),
(1228, 4, 3, 2),
(1229, 6, 6, 3),
(1230, 8, 7, 3),
(1231, 1, 7, 7),
(1232, 10, 7, 5),
(1233, 8, 5, 4),
(1234, 4, 10, 2),
(1235, 2, 6, 4),
(1236, 5, 9, 8),
(1237, 7, 10, 4),
(1238, 8, 5, 2),
(1239, 7, 3, 1),
(1240, 7, 5, 7),
(1241, 4, 8, 1),
(1242, 5, 10, 4),
(1243, 9, 7, 1),
(1244, 5, 5, 1),
(1245, 1, 10, 6),
(1246, 10, 9, 4),
(1247, 1, 9, 8),
(1248, 8, 1, 7),
(1249, 5, 1, 2),
(1250, 6, 7, 6),
(1251, 7, 10, 4),
(1252, 2, 5, 9),
(1253, 1, 5, 7),
(1254, 8, 9, 3),
(1255, 6, 6, 3),
(1256, 3, 6, 4),
(1257, 1, 2, 2),
(1258, 3, 10, 4),
(1259, 8, 9, 1),
(1260, 10, 5, 8),
(1261, 5, 10, 9),
(1262, 1, 6, 6),
(1263, 3, 10, 4),
(1264, 2, 7, 7),
(1265, 1, 2, 5),
(1266, 10, 6, 6),
(1267, 6, 3, 3),
(1268, 10, 2, 9),
(1269, 9, 1, 3),
(1270, 5, 10, 2),
(1271, 2, 10, 2),
(1272, 5, 5, 6),
(1273, 4, 4, 1),
(1274, 4, 9, 6),
(1275, 3, 1, 10),
(1276, 5, 6, 9),
(1277, 10, 10, 3),
(1278, 9, 4, 1),
(1279, 5, 5, 10),
(1280, 8, 5, 10),
(1281, 5, 9, 7),
(1282, 5, 2, 6),
(1283, 2, 2, 5),
(1284, 6, 9, 10),
(1285, 5, 4, 2),
(1286, 10, 6, 9),
(1287, 5, 9, 8),
(1288, 5, 3, 1),
(1289, 6, 4, 8),
(1290, 1, 7, 5),
(1291, 2, 9, 8),
(1292, 1, 2, 6),
(1293, 3, 1, 5),
(1294, 2, 6, 7),
(1295, 8, 8, 7),
(1296, 3, 6, 1),
(1297, 9, 6, 5),
(1298, 8, 2, 10),
(1299, 1, 3, 4),
(1300, 7, 5, 1),
(1301, 7, 6, 9),
(1302, 2, 10, 4),
(1303, 7, 5, 9),
(1304, 7, 3, 1),
(1305, 1, 4, 9),
(1306, 6, 2, 10),
(1307, 10, 4, 5),
(1308, 8, 7, 5),
(1309, 3, 1, 5),
(1310, 3, 7, 10),
(1311, 9, 4, 9),
(1312, 5, 7, 10),
(1313, 10, 7, 10),
(1314, 8, 7, 6),
(1315, 4, 2, 10),
(1316, 5, 5, 5),
(1317, 2, 4, 8),
(1318, 1, 3, 10),
(1319, 7, 7, 3),
(1320, 5, 7, 3),
(1321, 1, 4, 4),
(1322, 1, 1, 1),
(1323, 7, 7, 10),
(1324, 9, 10, 3),
(1325, 9, 4, 3),
(1326, 10, 8, 5),
(1327, 1, 4, 5),
(1328, 10, 9, 4),
(1329, 4, 7, 8),
(1330, 10, 8, 10),
(1331, 3, 3, 9),
(1332, 10, 4, 6),
(1333, 9, 6, 9),
(1334, 6, 6, 3),
(1335, 2, 5, 6),
(1336, 3, 5, 3),
(1337, 9, 6, 9),
(1338, 10, 10, 5),
(1339, 1, 5, 7),
(1340, 8, 5, 10),
(1341, 1, 7, 2),
(1342, 7, 6, 5),
(1343, 10, 10, 6),
(1344, 5, 9, 9),
(1345, 7, 6, 6),
(1346, 10, 10, 3),
(1347, 1, 3, 3),
(1348, 4, 1, 2),
(1349, 2, 3, 10),
(1350, 5, 10, 5),
(1351, 5, 6, 5),
(1352, 10, 9, 10),
(1353, 7, 4, 8),
(1354, 3, 7, 4),
(1355, 5, 7, 8),
(1356, 5, 6, 3),
(1357, 10, 8, 3),
(1358, 10, 5, 5),
(1359, 2, 7, 5),
(1360, 3, 6, 9),
(1361, 6, 4, 3),
(1362, 7, 8, 8),
(1363, 5, 6, 5),
(1364, 8, 6, 8),
(1365, 3, 9, 4),
(1366, 10, 1, 9),
(1367, 1, 8, 2),
(1368, 9, 6, 2),
(1369, 4, 8, 8),
(1370, 10, 3, 7),
(1371, 1, 5, 1),
(1372, 3, 1, 3),
(1373, 7, 4, 1),
(1374, 4, 7, 10),
(1375, 2, 6, 2),
(1376, 3, 9, 2),
(1377, 4, 5, 8),
(1378, 1, 4, 7),
(1379, 10, 3, 10),
(1380, 7, 9, 6),
(1381, 1, 7, 5),
(1382, 4, 3, 6),
(1383, 7, 7, 2),
(1384, 2, 6, 5),
(1385, 7, 10, 1),
(1386, 5, 4, 4),
(1387, 8, 2, 9),
(1388, 1, 4, 2),
(1389, 7, 7, 5),
(1390, 4, 1, 7),
(1391, 2, 5, 3),
(1392, 9, 7, 3),
(1393, 6, 9, 6),
(1394, 2, 1, 6),
(1395, 10, 5, 1),
(1396, 5, 5, 10),
(1397, 2, 9, 7),
(1398, 5, 9, 5),
(1399, 6, 6, 4),
(1400, 4, 5, 6),
(1401, 5, 7, 4),
(1402, 9, 10, 7),
(1403, 8, 8, 2),
(1404, 3, 6, 3),
(1405, 10, 1, 8),
(1406, 6, 2, 8),
(1407, 6, 6, 7),
(1408, 10, 2, 8),
(1409, 10, 2, 1),
(1410, 9, 6, 6),
(1411, 10, 10, 8),
(1412, 9, 3, 1),
(1413, 1, 2, 1),
(1414, 8, 1, 7),
(1415, 3, 10, 1),
(1416, 1, 4, 8),
(1417, 3, 10, 8),
(1418, 8, 9, 6),
(1419, 7, 7, 1),
(1420, 6, 1, 5),
(1421, 7, 3, 6),
(1422, 9, 8, 4),
(1423, 9, 2, 5),
(1424, 5, 2, 10),
(1425, 7, 4, 5),
(1426, 10, 5, 3),
(1427, 3, 3, 4),
(1428, 8, 7, 2),
(1429, 7, 1, 1),
(1430, 9, 7, 7),
(1431, 1, 3, 10),
(1432, 9, 6, 3),
(1433, 8, 3, 10),
(1434, 3, 2, 9),
(1435, 9, 7, 9),
(1436, 7, 10, 2),
(1437, 1, 7, 6),
(1438, 4, 9, 5),
(1439, 2, 3, 4),
(1440, 7, 4, 5),
(1441, 6, 1, 3),
(1442, 10, 2, 3),
(1443, 3, 9, 4),
(1444, 2, 9, 8),
(1445, 5, 7, 1),
(1446, 3, 8, 5),
(1447, 6, 3, 7),
(1448, 4, 2, 8),
(1449, 8, 1, 3),
(1450, 4, 9, 4),
(1451, 3, 1, 6),
(1452, 9, 1, 2),
(1453, 9, 4, 1),
(1454, 6, 9, 9),
(1455, 9, 4, 8),
(1456, 3, 10, 10),
(1457, 9, 1, 5),
(1458, 3, 9, 3),
(1459, 10, 7, 9),
(1460, 10, 10, 9),
(1461, 6, 7, 3),
(1462, 1, 2, 3),
(1463, 3, 3, 4),
(1464, 1, 6, 8),
(1465, 10, 7, 6),
(1466, 3, 2, 9),
(1467, 9, 2, 7),
(1468, 10, 4, 7),
(1469, 8, 3, 9),
(1470, 4, 4, 4),
(1471, 6, 4, 4),
(1472, 7, 5, 8),
(1473, 7, 10, 3),
(1474, 7, 9, 8),
(1475, 3, 5, 9),
(1476, 9, 3, 2),
(1477, 8, 8, 10),
(1478, 3, 3, 5),
(1479, 5, 3, 1),
(1480, 1, 10, 5),
(1481, 8, 2, 1),
(1482, 5, 5, 10),
(1483, 2, 2, 8),
(1484, 7, 7, 5),
(1485, 2, 4, 9),
(1486, 5, 4, 10),
(1487, 1, 7, 7),
(1488, 6, 5, 8),
(1489, 4, 9, 9),
(1490, 2, 2, 6),
(1491, 7, 7, 9),
(1492, 10, 4, 2),
(1493, 10, 5, 3),
(1494, 1, 8, 5),
(1495, 2, 10, 3),
(1496, 6, 7, 2),
(1497, 8, 10, 9),
(1498, 10, 6, 9),
(1499, 3, 7, 5),
(1500, 1, 4, 6),
(1501, 4, 5, 1),
(1502, 7, 7, 10),
(1503, 9, 8, 8),
(1504, 9, 8, 3),
(1505, 1, 10, 6),
(1506, 8, 8, 10),
(1507, 1, 3, 10),
(1508, 9, 5, 10),
(1509, 2, 3, 10),
(1510, 5, 10, 3),
(1511, 10, 9, 5),
(1512, 8, 7, 4),
(1513, 10, 4, 1),
(1514, 5, 1, 3),
(1515, 6, 2, 1),
(1516, 8, 5, 5),
(1517, 8, 4, 1),
(1518, 8, 6, 2),
(1519, 3, 3, 9),
(1520, 4, 10, 5),
(1521, 7, 3, 6),
(1522, 6, 4, 7),
(1523, 1, 6, 5),
(1524, 7, 9, 6),
(1525, 3, 9, 10),
(1526, 5, 1, 7),
(1527, 8, 9, 9),
(1528, 7, 2, 1),
(1529, 7, 8, 3),
(1530, 1, 2, 7),
(1531, 9, 2, 1),
(1532, 3, 9, 2),
(1533, 10, 8, 10),
(1534, 6, 9, 6),
(1535, 3, 5, 6),
(1536, 9, 4, 8),
(1537, 4, 1, 8),
(1538, 2, 1, 1),
(1539, 1, 10, 1),
(1540, 7, 9, 9),
(1541, 8, 5, 8),
(1542, 4, 1, 3),
(1543, 8, 10, 4),
(1544, 4, 4, 7),
(1545, 7, 9, 1),
(1546, 4, 4, 9),
(1547, 3, 3, 6),
(1548, 5, 7, 7),
(1549, 4, 4, 5),
(1550, 9, 3, 10),
(1551, 8, 10, 10),
(1552, 3, 8, 8),
(1553, 9, 2, 3),
(1554, 4, 2, 7),
(1555, 3, 7, 10),
(1556, 7, 2, 2),
(1557, 5, 9, 4),
(1558, 3, 2, 9),
(1559, 8, 6, 1),
(1560, 8, 4, 6),
(1561, 8, 6, 6),
(1562, 10, 8, 7),
(1563, 2, 4, 3),
(1564, 9, 9, 3),
(1565, 3, 2, 8),
(1566, 4, 2, 4),
(1567, 8, 7, 7),
(1568, 4, 9, 1),
(1569, 10, 9, 1),
(1570, 4, 1, 8),
(1571, 1, 8, 7),
(1572, 10, 1, 7),
(1573, 8, 7, 10),
(1574, 3, 3, 2),
(1575, 6, 10, 7),
(1576, 2, 3, 10),
(1577, 3, 8, 1),
(1578, 6, 8, 4),
(1579, 3, 4, 6),
(1580, 6, 2, 8),
(1581, 3, 7, 1),
(1582, 4, 6, 10),
(1583, 4, 9, 10),
(1584, 5, 7, 6),
(1585, 8, 1, 7),
(1586, 5, 2, 9),
(1587, 8, 1, 3),
(1588, 10, 10, 1),
(1589, 2, 1, 5),
(1590, 8, 6, 2),
(1591, 9, 7, 1),
(1592, 10, 10, 6),
(1593, 7, 6, 3),
(1594, 6, 1, 4),
(1595, 9, 10, 2),
(1596, 3, 8, 9),
(1597, 3, 7, 7),
(1598, 7, 7, 1),
(1599, 10, 4, 10),
(1600, 7, 8, 1),
(1601, 10, 1, 10),
(1602, 7, 8, 1),
(1603, 10, 1, 5),
(1604, 5, 6, 10),
(1605, 7, 10, 8),
(1606, 10, 2, 6),
(1607, 8, 3, 9),
(1608, 8, 7, 9),
(1609, 8, 7, 7),
(1610, 8, 8, 5),
(1611, 8, 1, 8),
(1612, 7, 7, 8),
(1613, 5, 7, 5),
(1614, 1, 2, 4),
(1615, 9, 3, 9),
(1616, 4, 10, 7),
(1617, 8, 7, 9),
(1618, 4, 2, 3),
(1619, 9, 2, 3),
(1620, 7, 2, 10),
(1621, 3, 8, 4),
(1622, 8, 7, 5),
(1623, 1, 4, 5),
(1624, 4, 2, 1),
(1625, 4, 2, 10),
(1626, 4, 8, 6),
(1627, 6, 6, 1),
(1628, 6, 6, 6),
(1629, 2, 5, 3),
(1630, 7, 7, 1),
(1631, 2, 3, 2),
(1632, 2, 5, 7),
(1633, 9, 10, 3),
(1634, 5, 9, 9),
(1635, 2, 5, 7),
(1636, 7, 1, 3),
(1637, 2, 5, 8),
(1638, 4, 5, 9),
(1639, 4, 8, 3),
(1640, 8, 9, 7),
(1641, 4, 3, 6),
(1642, 3, 2, 1),
(1643, 5, 8, 4),
(1644, 3, 3, 1),
(1645, 6, 9, 5),
(1646, 7, 10, 7),
(1647, 10, 3, 10),
(1648, 4, 4, 8),
(1649, 9, 2, 5),
(1650, 1, 6, 7),
(1651, 8, 7, 7),
(1652, 10, 5, 3),
(1653, 5, 7, 9),
(1654, 10, 8, 1),
(1655, 2, 4, 3),
(1656, 8, 2, 9),
(1657, 10, 3, 2),
(1658, 8, 7, 8),
(1659, 3, 1, 6),
(1660, 5, 10, 4),
(1661, 8, 5, 8),
(1662, 9, 4, 9),
(1663, 3, 3, 1),
(1664, 6, 10, 2),
(1665, 8, 4, 7),
(1666, 4, 4, 2),
(1667, 5, 1, 6),
(1668, 2, 9, 4),
(1669, 5, 9, 4),
(1670, 4, 6, 9),
(1671, 3, 5, 4),
(1672, 7, 7, 6),
(1673, 2, 5, 6),
(1674, 8, 6, 6),
(1675, 4, 3, 9),
(1676, 9, 3, 7),
(1677, 9, 5, 4),
(1678, 4, 8, 6),
(1679, 7, 3, 2),
(1680, 10, 3, 5),
(1681, 6, 6, 8),
(1682, 3, 5, 5),
(1683, 3, 7, 2),
(1684, 9, 1, 10),
(1685, 8, 1, 8),
(1686, 2, 5, 5),
(1687, 1, 9, 7),
(1688, 8, 3, 7),
(1689, 7, 5, 2),
(1690, 2, 1, 5),
(1691, 2, 5, 4),
(1692, 5, 10, 8),
(1693, 6, 9, 6),
(1694, 10, 2, 2),
(1695, 2, 7, 5),
(1696, 7, 7, 1),
(1697, 8, 2, 5),
(1698, 9, 8, 7),
(1699, 6, 8, 10),
(1700, 6, 8, 9),
(1701, 7, 9, 10),
(1702, 9, 5, 5),
(1703, 2, 2, 7),
(1704, 10, 6, 1),
(1705, 9, 8, 6),
(1706, 10, 4, 7),
(1707, 6, 6, 5),
(1708, 1, 3, 10),
(1709, 4, 9, 2),
(1710, 4, 6, 5),
(1711, 9, 4, 2),
(1712, 1, 4, 7),
(1713, 3, 1, 5),
(1714, 2, 6, 7),
(1715, 6, 1, 7),
(1716, 7, 5, 1),
(1717, 4, 1, 6),
(1718, 6, 9, 5),
(1719, 8, 8, 8),
(1720, 7, 9, 1),
(1721, 5, 3, 5),
(1722, 6, 1, 1),
(1723, 8, 4, 5),
(1724, 9, 3, 8),
(1725, 10, 8, 6),
(1726, 6, 4, 2),
(1727, 8, 5, 2),
(1728, 2, 3, 3),
(1729, 5, 10, 5),
(1730, 2, 10, 6),
(1731, 3, 4, 1),
(1732, 9, 8, 1),
(1733, 8, 10, 9),
(1734, 3, 7, 3),
(1735, 6, 6, 4),
(1736, 6, 8, 2),
(1737, 9, 4, 9),
(1738, 5, 7, 6),
(1739, 9, 3, 6),
(1740, 6, 1, 6),
(1741, 2, 10, 5),
(1742, 8, 10, 4),
(1743, 5, 3, 5),
(1744, 7, 4, 3),
(1745, 6, 1, 1),
(1746, 9, 5, 3),
(1747, 7, 7, 5),
(1748, 2, 7, 2),
(1749, 10, 6, 2),
(1750, 1, 1, 10),
(1751, 9, 6, 7),
(1752, 5, 7, 4),
(1753, 2, 2, 8),
(1754, 3, 1, 4),
(1755, 7, 7, 4),
(1756, 2, 4, 6),
(1757, 9, 7, 1),
(1758, 5, 7, 6),
(1759, 7, 4, 9),
(1760, 1, 8, 7),
(1761, 1, 9, 2),
(1762, 4, 3, 10),
(1763, 3, 4, 8),
(1764, 5, 8, 2),
(1765, 8, 1, 9),
(1766, 1, 3, 10),
(1767, 6, 2, 4),
(1768, 3, 5, 3),
(1769, 8, 4, 4),
(1770, 8, 4, 2),
(1771, 7, 8, 5),
(1772, 9, 5, 8),
(1773, 2, 4, 2),
(1774, 8, 4, 7),
(1775, 1, 8, 4),
(1776, 2, 4, 1),
(1777, 9, 1, 9),
(1778, 9, 8, 6),
(1779, 5, 5, 4),
(1780, 7, 1, 4),
(1781, 4, 10, 5),
(1782, 4, 6, 2),
(1783, 6, 3, 9),
(1784, 2, 8, 8),
(1785, 1, 5, 2),
(1786, 3, 8, 3),
(1787, 3, 10, 2),
(1788, 10, 3, 3),
(1789, 3, 7, 5),
(1790, 1, 5, 9),
(1791, 6, 4, 4),
(1792, 7, 9, 7),
(1793, 7, 3, 4),
(1794, 10, 1, 8),
(1795, 1, 6, 4),
(1796, 9, 7, 7),
(1797, 9, 4, 6),
(1798, 3, 9, 8),
(1799, 4, 6, 4),
(1800, 8, 9, 7),
(1801, 3, 3, 2),
(1802, 1, 6, 5),
(1803, 3, 3, 3),
(1804, 7, 8, 6),
(1805, 5, 9, 1),
(1806, 4, 7, 6),
(1807, 4, 9, 6),
(1808, 3, 10, 7),
(1809, 7, 10, 4),
(1810, 1, 2, 8),
(1811, 1, 8, 4),
(1812, 3, 1, 6),
(1813, 10, 10, 5),
(1814, 5, 8, 1),
(1815, 10, 10, 9),
(1816, 9, 7, 9),
(1817, 8, 3, 10),
(1818, 9, 7, 10),
(1819, 8, 1, 10),
(1820, 10, 10, 7),
(1821, 9, 2, 1),
(1822, 1, 9, 3),
(1823, 4, 5, 1),
(1824, 10, 3, 3),
(1825, 2, 3, 8),
(1826, 1, 2, 4),
(1827, 4, 9, 8),
(1828, 4, 8, 2),
(1829, 8, 10, 7),
(1830, 10, 3, 9),
(1831, 7, 8, 10),
(1832, 7, 3, 1),
(1833, 4, 9, 5),
(1834, 5, 8, 4),
(1835, 6, 5, 4),
(1836, 5, 7, 6),
(1837, 6, 6, 3),
(1838, 7, 10, 9),
(1839, 1, 10, 3),
(1840, 6, 3, 10),
(1841, 8, 8, 5),
(1842, 4, 9, 2),
(1843, 9, 4, 1),
(1844, 8, 4, 5),
(1845, 1, 9, 9),
(1846, 7, 2, 2),
(1847, 3, 2, 5),
(1848, 6, 2, 1),
(1849, 5, 8, 4),
(1850, 3, 4, 9),
(1851, 5, 6, 1),
(1852, 3, 9, 9),
(1853, 5, 2, 7),
(1854, 2, 10, 3),
(1855, 9, 9, 7),
(1856, 6, 5, 4),
(1857, 7, 1, 6),
(1858, 3, 5, 2),
(1859, 4, 6, 9),
(1860, 6, 7, 7),
(1861, 10, 6, 8),
(1862, 1, 9, 5),
(1863, 8, 6, 10),
(1864, 6, 4, 7),
(1865, 9, 7, 2),
(1866, 7, 8, 3),
(1867, 4, 7, 5),
(1868, 1, 9, 7),
(1869, 7, 8, 7),
(1870, 10, 1, 6),
(1871, 8, 4, 7),
(1872, 10, 1, 1),
(1873, 5, 9, 9),
(1874, 2, 4, 3),
(1875, 1, 10, 7),
(1876, 6, 5, 4),
(1877, 8, 1, 10),
(1878, 10, 9, 7),
(1879, 4, 3, 9),
(1880, 7, 4, 4),
(1881, 7, 8, 7),
(1882, 2, 5, 7),
(1883, 9, 2, 3),
(1884, 6, 3, 2),
(1885, 4, 1, 9),
(1886, 7, 5, 10),
(1887, 7, 3, 7),
(1888, 6, 1, 10),
(1889, 2, 2, 9),
(1890, 6, 4, 9),
(1891, 5, 8, 1),
(1892, 7, 5, 7),
(1893, 7, 7, 3),
(1894, 10, 2, 7),
(1895, 1, 10, 6),
(1896, 5, 4, 4),
(1897, 3, 2, 5),
(1898, 2, 3, 10),
(1899, 3, 7, 2),
(1900, 10, 7, 8),
(1901, 1, 7, 1),
(1902, 10, 8, 9),
(1903, 7, 4, 4),
(1904, 5, 4, 1),
(1905, 1, 4, 9),
(1906, 6, 1, 1),
(1907, 3, 1, 1),
(1908, 10, 2, 9),
(1909, 7, 2, 3),
(1910, 10, 5, 3),
(1911, 7, 5, 2),
(1912, 9, 2, 4),
(1913, 7, 8, 2),
(1914, 10, 6, 9),
(1915, 8, 6, 5),
(1916, 4, 7, 5),
(1917, 6, 5, 7),
(1918, 4, 6, 2),
(1919, 9, 9, 2),
(1920, 2, 8, 3),
(1921, 8, 9, 5),
(1922, 4, 4, 6),
(1923, 8, 5, 2),
(1924, 10, 10, 6),
(1925, 5, 3, 10),
(1926, 1, 3, 9),
(1927, 3, 1, 3),
(1928, 9, 2, 6),
(1929, 2, 7, 1),
(1930, 9, 5, 10),
(1931, 3, 2, 7),
(1932, 5, 6, 2),
(1933, 5, 4, 6),
(1934, 2, 5, 8),
(1935, 9, 6, 1),
(1936, 3, 10, 10),
(1937, 8, 5, 9),
(1938, 10, 1, 10),
(1939, 2, 10, 3),
(1940, 9, 6, 2),
(1941, 6, 2, 1),
(1942, 3, 3, 7),
(1943, 7, 4, 10),
(1944, 5, 5, 5),
(1945, 9, 6, 6),
(1946, 7, 6, 5),
(1947, 10, 2, 10),
(1948, 3, 1, 5),
(1949, 4, 1, 7),
(1950, 9, 1, 2),
(1951, 5, 5, 2),
(1952, 4, 4, 6),
(1953, 4, 3, 2),
(1954, 5, 10, 4),
(1955, 3, 4, 3),
(1956, 8, 10, 6),
(1957, 10, 7, 5),
(1958, 1, 4, 5),
(1959, 3, 8, 10),
(1960, 2, 9, 5),
(1961, 1, 2, 2),
(1962, 8, 4, 8),
(1963, 6, 8, 2),
(1964, 5, 9, 8),
(1965, 2, 5, 4),
(1966, 9, 3, 10),
(1967, 2, 7, 9),
(1968, 9, 1, 8),
(1969, 7, 3, 4),
(1970, 1, 3, 1),
(1971, 10, 10, 2),
(1972, 4, 3, 2),
(1973, 1, 8, 1),
(1974, 3, 2, 4),
(1975, 3, 3, 6),
(1976, 4, 2, 10),
(1977, 8, 10, 9),
(1978, 3, 9, 4),
(1979, 4, 2, 9),
(1980, 4, 6, 6),
(1981, 6, 5, 3),
(1982, 5, 3, 5),
(1983, 7, 5, 5),
(1984, 3, 9, 8),
(1985, 2, 4, 1),
(1986, 8, 4, 10),
(1987, 2, 1, 7),
(1988, 1, 1, 5),
(1989, 4, 1, 3),
(1990, 9, 1, 8),
(1991, 5, 1, 8),
(1992, 8, 10, 5),
(1993, 6, 10, 2),
(1994, 5, 5, 2),
(1995, 9, 5, 6),
(1996, 3, 6, 5),
(1997, 10, 6, 8),
(1998, 10, 4, 1),
(1999, 6, 7, 4),
(2000, 1, 7, 1),
(2001, 7, 1, 6),
(2002, 1, 2, 5),
(2003, 1, 4, 3),
(2004, 3, 2, 10),
(2005, 6, 4, 9),
(2006, 3, 1, 2),
(2007, 9, 5, 10),
(2008, 9, 10, 7),
(2009, 8, 5, 4),
(2010, 9, 4, 3),
(2011, 5, 4, 4),
(2012, 5, 10, 4),
(2013, 5, 3, 7),
(2014, 10, 7, 9),
(2015, 5, 10, 5),
(2016, 8, 4, 3),
(2017, 5, 7, 8),
(2018, 5, 3, 2),
(2019, 1, 9, 1),
(2020, 1, 1, 5),
(2021, 5, 2, 4),
(2022, 10, 10, 2),
(2023, 3, 2, 1),
(2024, 9, 4, 6),
(2025, 8, 2, 9),
(2026, 8, 8, 1),
(2027, 7, 6, 2),
(2028, 6, 3, 9),
(2029, 1, 1, 6),
(2030, 5, 8, 5),
(2031, 7, 6, 8),
(2032, 9, 3, 5),
(2033, 6, 2, 6),
(2034, 2, 10, 6),
(2035, 7, 4, 1),
(2036, 7, 5, 10),
(2037, 8, 7, 7),
(2038, 2, 2, 5),
(2039, 6, 6, 4),
(2040, 9, 8, 1),
(2041, 4, 3, 1),
(2042, 1, 7, 3),
(2043, 3, 8, 9),
(2044, 8, 10, 2),
(2045, 10, 8, 1),
(2046, 5, 7, 6),
(2047, 4, 5, 7),
(2048, 7, 10, 3),
(2049, 2, 8, 10),
(2050, 3, 1, 10),
(2051, 6, 9, 9),
(2052, 9, 3, 8),
(2053, 9, 10, 7),
(2054, 5, 8, 8),
(2055, 9, 2, 5),
(2056, 8, 6, 2),
(2057, 5, 3, 10),
(2058, 9, 8, 6),
(2059, 1, 3, 4),
(2060, 3, 3, 6),
(2061, 6, 7, 8),
(2062, 6, 10, 10),
(2063, 1, 7, 6),
(2064, 6, 1, 10),
(2065, 8, 8, 4),
(2066, 7, 9, 1),
(2067, 4, 5, 3),
(2068, 6, 5, 6),
(2069, 7, 6, 4),
(2070, 2, 8, 8),
(2071, 9, 3, 2),
(2072, 1, 2, 10),
(2073, 8, 9, 7),
(2074, 6, 8, 4),
(2075, 3, 10, 4),
(2076, 2, 6, 10),
(2077, 4, 5, 5),
(2078, 8, 6, 6),
(2079, 3, 2, 2),
(2080, 7, 4, 6),
(2081, 9, 9, 3),
(2082, 4, 7, 4),
(2083, 5, 1, 4),
(2084, 6, 3, 3),
(2085, 4, 3, 9),
(2086, 9, 4, 7),
(2087, 6, 8, 6),
(2088, 1, 5, 4),
(2089, 7, 2, 10),
(2090, 8, 6, 7),
(2091, 4, 6, 2),
(2092, 1, 1, 6),
(2093, 3, 2, 4),
(2094, 4, 2, 3),
(2095, 9, 10, 3),
(2096, 7, 4, 9),
(2097, 9, 6, 9),
(2098, 3, 8, 4),
(2099, 5, 4, 5),
(2100, 3, 5, 2),
(2101, 3, 9, 3),
(2102, 1, 4, 9),
(2103, 8, 5, 8),
(2104, 3, 3, 2),
(2105, 7, 6, 1),
(2106, 3, 8, 6),
(2107, 6, 6, 9),
(2108, 7, 7, 5),
(2109, 3, 5, 7),
(2110, 4, 7, 2),
(2111, 8, 3, 7),
(2112, 1, 1, 7),
(2113, 5, 3, 6),
(2114, 4, 1, 4),
(2115, 6, 10, 7),
(2116, 6, 6, 6),
(2117, 6, 10, 2),
(2118, 8, 7, 3),
(2119, 10, 2, 8),
(2120, 6, 4, 8),
(2121, 4, 7, 10),
(2122, 10, 10, 1),
(2123, 1, 1, 3),
(2124, 8, 1, 2),
(2125, 10, 10, 7),
(2126, 1, 3, 7),
(2127, 1, 7, 7),
(2128, 2, 6, 4),
(2129, 5, 2, 3),
(2130, 3, 4, 4),
(2131, 5, 5, 3),
(2132, 4, 5, 8),
(2133, 3, 7, 8),
(2134, 4, 4, 7),
(2135, 4, 8, 4),
(2136, 8, 8, 10),
(2137, 5, 8, 2),
(2138, 5, 7, 2),
(2139, 1, 8, 7),
(2140, 7, 4, 1),
(2141, 1, 10, 8),
(2142, 7, 10, 3),
(2143, 5, 6, 9),
(2144, 10, 5, 3),
(2145, 3, 6, 7),
(2146, 8, 1, 8),
(2147, 3, 7, 8),
(2148, 3, 6, 1),
(2149, 1, 6, 6),
(2150, 2, 9, 10),
(2151, 3, 3, 3),
(2152, 4, 4, 6),
(2153, 9, 9, 6),
(2154, 1, 5, 1),
(2155, 1, 6, 3),
(2156, 7, 7, 5),
(2157, 9, 10, 3),
(2158, 5, 1, 9),
(2159, 1, 4, 8),
(2160, 8, 1, 1),
(2161, 1, 5, 4),
(2162, 9, 9, 6),
(2163, 10, 4, 4),
(2164, 2, 4, 5),
(2165, 3, 7, 9),
(2166, 1, 5, 3),
(2167, 10, 7, 1),
(2168, 3, 1, 8),
(2169, 1, 4, 7),
(2170, 5, 4, 10),
(2171, 5, 2, 2),
(2172, 8, 2, 6),
(2173, 3, 6, 5),
(2174, 7, 1, 9),
(2175, 5, 2, 3),
(2176, 7, 6, 7),
(2177, 7, 10, 3),
(2178, 6, 9, 7),
(2179, 4, 9, 1),
(2180, 8, 3, 10),
(2181, 1, 2, 10),
(2182, 10, 3, 8),
(2183, 6, 8, 8),
(2184, 1, 10, 9),
(2185, 8, 10, 1),
(2186, 5, 1, 3),
(2187, 3, 7, 7),
(2188, 1, 4, 3),
(2189, 9, 5, 3),
(2190, 9, 9, 8),
(2191, 1, 10, 4),
(2192, 6, 10, 10),
(2193, 2, 7, 4),
(2194, 9, 6, 10),
(2195, 8, 3, 6),
(2196, 5, 8, 9),
(2197, 7, 4, 8),
(2198, 9, 10, 10),
(2199, 3, 9, 8),
(2200, 5, 10, 3),
(2201, 7, 9, 6),
(2202, 3, 5, 3),
(2203, 10, 6, 10),
(2204, 8, 1, 9),
(2205, 6, 6, 7),
(2206, 3, 10, 5),
(2207, 3, 4, 7),
(2208, 4, 4, 4),
(2209, 5, 5, 2),
(2210, 3, 1, 7),
(2211, 10, 3, 5),
(2212, 9, 9, 6),
(2213, 2, 6, 4),
(2214, 7, 5, 7),
(2215, 10, 1, 1),
(2216, 6, 9, 4),
(2217, 4, 1, 6),
(2218, 5, 4, 1),
(2219, 6, 3, 8),
(2220, 3, 8, 10),
(2221, 9, 10, 1),
(2222, 6, 4, 1),
(2223, 10, 9, 4),
(2224, 2, 10, 7),
(2225, 6, 3, 7),
(2226, 7, 9, 4),
(2227, 1, 8, 7),
(2228, 7, 9, 7),
(2229, 7, 10, 2),
(2230, 9, 4, 10),
(2231, 9, 5, 1),
(2232, 10, 7, 4),
(2233, 1, 5, 1),
(2234, 5, 10, 2),
(2235, 4, 7, 1),
(2236, 2, 4, 10),
(2237, 4, 1, 3),
(2238, 8, 3, 6),
(2239, 9, 8, 5),
(2240, 4, 4, 7),
(2241, 9, 3, 2),
(2242, 10, 10, 1),
(2243, 9, 2, 2),
(2244, 8, 10, 10),
(2245, 3, 5, 1),
(2246, 3, 10, 9),
(2247, 4, 3, 9),
(2248, 10, 3, 8),
(2249, 9, 8, 2),
(2250, 3, 10, 1),
(2251, 5, 9, 2),
(2252, 10, 5, 4),
(2253, 3, 6, 1),
(2254, 1, 5, 8),
(2255, 6, 4, 7),
(2256, 6, 6, 3),
(2257, 7, 3, 3),
(2258, 2, 7, 1),
(2259, 6, 9, 4),
(2260, 7, 4, 2),
(2261, 1, 6, 8),
(2262, 1, 1, 6),
(2263, 4, 2, 6),
(2264, 6, 2, 5),
(2265, 9, 2, 2),
(2266, 7, 2, 5),
(2267, 2, 1, 9),
(2268, 9, 5, 5),
(2269, 9, 9, 7),
(2270, 6, 6, 10),
(2271, 2, 1, 4),
(2272, 8, 9, 2),
(2273, 5, 3, 6),
(2274, 4, 4, 3),
(2275, 6, 3, 1),
(2276, 5, 1, 6),
(2277, 3, 2, 2),
(2278, 4, 2, 6),
(2279, 6, 4, 7),
(2280, 6, 5, 5),
(2281, 6, 10, 9),
(2282, 5, 1, 1),
(2283, 10, 6, 5),
(2284, 9, 2, 5),
(2285, 5, 3, 6),
(2286, 5, 4, 10),
(2287, 3, 5, 1),
(2288, 6, 3, 9),
(2289, 6, 5, 6),
(2290, 9, 9, 1),
(2291, 4, 4, 4),
(2292, 4, 2, 9),
(2293, 2, 5, 3),
(2294, 5, 8, 6),
(2295, 10, 5, 4),
(2296, 1, 10, 2),
(2297, 10, 1, 8),
(2298, 1, 2, 5),
(2299, 4, 8, 5),
(2300, 5, 6, 2),
(2301, 3, 9, 6),
(2302, 5, 9, 8),
(2303, 5, 1, 8),
(2304, 4, 7, 6),
(2305, 4, 2, 2),
(2306, 3, 3, 5),
(2307, 4, 2, 5),
(2308, 9, 6, 10),
(2309, 1, 1, 7),
(2310, 3, 10, 1),
(2311, 5, 3, 8),
(2312, 2, 4, 10),
(2313, 7, 8, 10),
(2314, 2, 7, 2),
(2315, 8, 1, 1),
(2316, 10, 3, 3),
(2317, 2, 5, 9),
(2318, 9, 7, 6),
(2319, 9, 9, 3),
(2320, 4, 8, 2),
(2321, 2, 2, 6),
(2322, 1, 9, 1),
(2323, 8, 1, 7),
(2324, 8, 10, 8),
(2325, 10, 4, 2),
(2326, 1, 4, 9),
(2327, 10, 5, 3),
(2328, 10, 1, 5),
(2329, 2, 2, 7),
(2330, 7, 9, 1),
(2331, 5, 1, 9),
(2332, 5, 10, 3),
(2333, 10, 4, 8),
(2334, 1, 6, 4),
(2335, 2, 10, 2),
(2336, 10, 7, 4),
(2337, 4, 6, 8),
(2338, 9, 7, 1),
(2339, 8, 5, 1),
(2340, 1, 1, 10),
(2341, 2, 5, 8),
(2342, 5, 10, 1),
(2343, 3, 10, 9),
(2344, 2, 7, 8),
(2345, 7, 3, 4),
(2346, 10, 7, 5),
(2347, 8, 4, 3),
(2348, 1, 9, 5),
(2349, 8, 6, 10),
(2350, 8, 5, 2),
(2351, 8, 6, 3),
(2352, 7, 5, 3),
(2353, 1, 3, 7),
(2354, 1, 8, 2),
(2355, 9, 5, 4),
(2356, 4, 4, 3),
(2357, 9, 4, 9),
(2358, 5, 6, 10),
(2359, 6, 9, 6),
(2360, 6, 3, 6),
(2361, 5, 2, 1),
(2362, 6, 4, 5),
(2363, 5, 2, 1),
(2364, 7, 7, 8),
(2365, 7, 8, 3),
(2366, 10, 3, 6),
(2367, 8, 1, 8),
(2368, 6, 3, 9),
(2369, 1, 4, 3),
(2370, 1, 6, 3),
(2371, 7, 8, 5),
(2372, 1, 1, 5),
(2373, 9, 2, 2),
(2374, 10, 4, 7),
(2375, 4, 6, 3),
(2376, 10, 6, 7),
(2377, 7, 4, 8),
(2378, 7, 6, 8),
(2379, 9, 6, 3),
(2380, 8, 9, 1),
(2381, 3, 5, 1),
(2382, 7, 9, 7),
(2383, 2, 2, 10),
(2384, 3, 9, 3),
(2385, 7, 9, 1),
(2386, 10, 10, 5),
(2387, 7, 2, 8),
(2388, 4, 9, 1),
(2389, 6, 9, 6),
(2390, 8, 6, 8),
(2391, 10, 8, 2),
(2392, 2, 7, 7),
(2393, 9, 9, 8),
(2394, 2, 8, 9),
(2395, 6, 2, 1),
(2396, 9, 10, 3),
(2397, 8, 4, 2),
(2398, 1, 1, 7),
(2399, 3, 7, 7),
(2400, 8, 3, 6),
(2401, 10, 7, 8),
(2402, 2, 5, 8),
(2403, 6, 3, 7),
(2404, 9, 5, 3),
(2405, 6, 5, 5),
(2406, 2, 8, 2),
(2407, 7, 2, 9),
(2408, 4, 7, 10),
(2409, 7, 10, 1),
(2410, 4, 9, 3),
(2411, 2, 4, 3),
(2412, 3, 7, 6),
(2413, 8, 8, 9),
(2414, 5, 6, 9),
(2415, 5, 4, 5),
(2416, 5, 4, 10),
(2417, 6, 6, 10),
(2418, 8, 2, 8),
(2419, 4, 2, 3),
(2420, 7, 3, 9),
(2421, 8, 3, 2),
(2422, 5, 8, 6),
(2423, 8, 1, 3),
(2424, 4, 1, 9),
(2425, 5, 3, 7),
(2426, 4, 5, 6),
(2427, 9, 10, 5),
(2428, 3, 3, 1),
(2429, 4, 2, 4),
(2430, 7, 6, 7),
(2431, 8, 2, 6),
(2432, 6, 3, 6),
(2433, 9, 9, 6),
(2434, 8, 10, 7),
(2435, 10, 3, 8),
(2436, 2, 5, 10),
(2437, 2, 9, 7),
(2438, 9, 1, 9),
(2439, 2, 10, 2),
(2440, 3, 10, 6),
(2441, 3, 2, 2),
(2442, 7, 3, 10),
(2443, 9, 2, 4),
(2444, 6, 9, 10),
(2445, 10, 5, 3),
(2446, 7, 7, 1),
(2447, 10, 1, 6),
(2448, 1, 8, 10),
(2449, 10, 8, 6),
(2450, 3, 10, 10),
(2451, 7, 6, 5),
(2452, 4, 2, 8),
(2453, 6, 5, 5),
(2454, 1, 3, 2),
(2455, 9, 9, 1),
(2456, 5, 7, 2),
(2457, 8, 10, 3),
(2458, 5, 10, 7),
(2459, 5, 2, 4),
(2460, 3, 2, 2),
(2461, 1, 6, 4),
(2462, 3, 5, 5),
(2463, 4, 10, 1),
(2464, 9, 10, 2),
(2465, 1, 3, 5),
(2466, 9, 7, 7),
(2467, 5, 3, 7),
(2468, 10, 4, 9),
(2469, 1, 3, 7),
(2470, 2, 7, 1),
(2471, 3, 3, 10),
(2472, 9, 2, 6),
(2473, 7, 6, 5),
(2474, 5, 8, 1),
(2475, 5, 3, 6),
(2476, 9, 4, 2),
(2477, 1, 5, 1),
(2478, 6, 6, 8),
(2479, 4, 6, 10),
(2480, 3, 1, 8),
(2481, 6, 4, 10),
(2482, 3, 10, 2),
(2483, 1, 6, 7),
(2484, 4, 10, 4),
(2485, 10, 9, 10),
(2486, 7, 3, 5),
(2487, 5, 10, 9),
(2488, 4, 7, 5),
(2489, 1, 10, 10),
(2490, 2, 8, 4),
(2491, 5, 5, 4),
(2492, 10, 2, 7),
(2493, 4, 4, 2),
(2494, 6, 2, 3),
(2495, 7, 10, 9),
(2496, 2, 3, 2),
(2497, 2, 2, 2),
(2498, 3, 9, 2),
(2499, 1, 7, 4),
(2500, 5, 7, 4),
(2501, 7, 9, 6),
(2502, 6, 8, 8),
(2503, 6, 9, 5),
(2504, 10, 6, 7),
(2505, 5, 9, 3),
(2506, 2, 4, 9),
(2507, 1, 6, 2),
(2508, 9, 3, 7),
(2509, 9, 8, 5),
(2510, 2, 2, 8),
(2511, 7, 7, 6),
(2512, 3, 2, 6),
(2513, 1, 9, 6),
(2514, 8, 3, 4),
(2515, 4, 4, 4),
(2516, 9, 8, 6),
(2517, 1, 4, 3),
(2518, 4, 7, 6),
(2519, 8, 5, 4),
(2520, 2, 2, 7),
(2521, 5, 1, 4),
(2522, 3, 10, 7),
(2523, 2, 3, 7),
(2524, 5, 2, 8),
(2525, 4, 4, 9),
(2526, 10, 3, 1),
(2527, 9, 6, 8),
(2528, 3, 7, 7),
(2529, 8, 5, 6),
(2530, 2, 6, 6),
(2531, 3, 6, 3),
(2532, 8, 4, 6),
(2533, 1, 8, 1),
(2534, 4, 8, 10),
(2535, 8, 8, 9),
(2536, 5, 6, 7),
(2537, 8, 4, 2),
(2538, 10, 9, 10),
(2539, 4, 4, 6),
(2540, 1, 4, 7),
(2541, 2, 10, 2),
(2542, 4, 5, 3),
(2543, 5, 1, 7),
(2544, 5, 6, 7),
(2545, 9, 3, 9),
(2546, 1, 6, 6),
(2547, 10, 8, 8),
(2548, 3, 10, 6),
(2549, 10, 2, 5),
(2550, 7, 10, 4),
(2551, 8, 9, 5),
(2552, 5, 4, 10),
(2553, 2, 10, 2),
(2554, 2, 2, 10),
(2555, 8, 2, 9),
(2556, 6, 7, 4),
(2557, 6, 10, 6),
(2558, 7, 1, 6),
(2559, 2, 9, 7),
(2560, 4, 5, 10),
(2561, 9, 7, 5),
(2562, 3, 3, 2),
(2563, 9, 4, 4),
(2564, 2, 9, 5),
(2565, 8, 5, 6),
(2566, 1, 4, 8),
(2567, 6, 1, 4),
(2568, 4, 3, 5),
(2569, 10, 7, 2),
(2570, 7, 2, 9),
(2571, 5, 2, 6),
(2572, 7, 6, 5),
(2573, 2, 7, 1),
(2574, 7, 10, 4),
(2575, 10, 4, 6),
(2576, 8, 3, 6),
(2577, 9, 4, 9),
(2578, 8, 9, 3),
(2579, 1, 1, 8),
(2580, 4, 2, 10),
(2581, 3, 8, 8),
(2582, 4, 6, 10),
(2583, 7, 9, 10),
(2584, 5, 3, 9),
(2585, 5, 5, 4),
(2586, 7, 4, 7),
(2587, 9, 1, 4),
(2588, 7, 7, 5),
(2589, 4, 8, 8),
(2590, 10, 1, 8),
(2591, 7, 5, 5),
(2592, 6, 10, 6),
(2593, 9, 3, 7),
(2594, 5, 4, 4),
(2595, 6, 9, 1),
(2596, 6, 8, 8),
(2597, 3, 3, 3),
(2598, 5, 5, 2),
(2599, 1, 6, 10),
(2600, 5, 9, 1),
(2601, 6, 6, 5),
(2602, 5, 2, 2),
(2603, 6, 6, 4),
(2604, 1, 10, 3),
(2605, 3, 9, 2),
(2606, 2, 10, 6),
(2607, 9, 9, 1),
(2608, 6, 4, 9),
(2609, 7, 10, 1),
(2610, 1, 7, 5),
(2611, 1, 2, 8),
(2612, 9, 5, 5),
(2613, 5, 4, 8),
(2614, 7, 6, 3),
(2615, 9, 8, 10),
(2616, 9, 6, 2),
(2617, 5, 7, 2),
(2618, 6, 7, 1),
(2619, 2, 6, 1),
(2620, 1, 3, 5),
(2621, 2, 7, 1),
(2622, 5, 9, 6),
(2623, 5, 1, 2),
(2624, 7, 2, 1),
(2625, 1, 6, 10),
(2626, 2, 4, 10),
(2627, 4, 5, 6),
(2628, 2, 3, 2),
(2629, 1, 8, 5),
(2630, 5, 7, 7),
(2631, 8, 10, 3),
(2632, 9, 5, 8),
(2633, 7, 4, 6),
(2634, 3, 9, 3),
(2635, 2, 10, 6),
(2636, 6, 2, 8),
(2637, 8, 1, 8),
(2638, 5, 2, 4),
(2639, 9, 5, 6),
(2640, 7, 10, 10),
(2641, 6, 4, 8),
(2642, 10, 6, 7),
(2643, 3, 1, 6),
(2644, 5, 6, 1),
(2645, 5, 2, 5),
(2646, 6, 2, 6),
(2647, 1, 5, 2),
(2648, 4, 4, 10),
(2649, 6, 7, 1),
(2650, 9, 4, 4),
(2651, 8, 4, 10),
(2652, 8, 2, 10),
(2653, 3, 5, 7),
(2654, 2, 7, 6),
(2655, 1, 9, 6),
(2656, 7, 1, 2),
(2657, 6, 8, 2),
(2658, 4, 10, 4),
(2659, 8, 8, 6),
(2660, 6, 6, 1),
(2661, 6, 3, 6),
(2662, 8, 1, 5),
(2663, 5, 7, 5),
(2664, 5, 9, 1),
(2665, 1, 2, 10),
(2666, 10, 9, 2),
(2667, 5, 3, 5),
(2668, 1, 3, 9),
(2669, 4, 2, 6),
(2670, 5, 8, 9),
(2671, 5, 2, 3),
(2672, 4, 9, 7),
(2673, 2, 2, 8),
(2674, 4, 3, 8),
(2675, 4, 8, 9),
(2676, 5, 3, 5),
(2677, 7, 5, 3),
(2678, 3, 10, 7),
(2679, 7, 4, 7),
(2680, 10, 3, 2),
(2681, 4, 4, 6),
(2682, 9, 5, 2),
(2683, 3, 10, 4),
(2684, 1, 6, 1),
(2685, 9, 6, 10),
(2686, 6, 7, 10),
(2687, 6, 7, 9),
(2688, 6, 7, 5),
(2689, 8, 8, 3),
(2690, 6, 10, 1),
(2691, 9, 6, 2),
(2692, 9, 6, 9),
(2693, 5, 9, 3),
(2694, 6, 7, 2),
(2695, 7, 5, 10),
(2696, 8, 10, 7),
(2697, 8, 3, 7),
(2698, 10, 6, 6),
(2699, 10, 6, 7),
(2700, 6, 9, 7),
(2701, 3, 1, 3),
(2702, 9, 5, 6),
(2703, 7, 5, 6),
(2704, 3, 3, 2),
(2705, 1, 3, 3),
(2706, 2, 2, 3),
(2707, 10, 4, 9),
(2708, 4, 1, 2),
(2709, 8, 4, 4),
(2710, 1, 9, 7),
(2711, 9, 6, 6),
(2712, 8, 5, 9),
(2713, 9, 5, 8),
(2714, 7, 6, 8),
(2715, 6, 1, 5),
(2716, 1, 5, 5),
(2717, 2, 9, 2),
(2718, 9, 5, 9),
(2719, 1, 5, 1),
(2720, 8, 4, 8),
(2721, 8, 8, 2),
(2722, 1, 1, 8),
(2723, 10, 7, 4),
(2724, 10, 6, 8),
(2725, 1, 8, 1),
(2726, 7, 1, 7),
(2727, 1, 7, 9),
(2728, 6, 6, 5),
(2729, 3, 5, 9),
(2730, 6, 10, 6),
(2731, 1, 3, 2),
(2732, 8, 2, 9),
(2733, 9, 7, 2),
(2734, 7, 10, 4),
(2735, 4, 6, 4),
(2736, 8, 10, 9),
(2737, 3, 8, 5),
(2738, 6, 4, 5),
(2739, 2, 9, 6),
(2740, 9, 3, 9),
(2741, 8, 10, 6),
(2742, 1, 3, 6),
(2743, 3, 10, 9),
(2744, 8, 9, 10),
(2745, 2, 6, 5),
(2746, 1, 6, 5),
(2747, 5, 10, 1),
(2748, 9, 10, 4),
(2749, 8, 2, 7),
(2750, 2, 7, 8),
(2751, 4, 10, 10),
(2752, 8, 2, 3),
(2753, 5, 6, 10),
(2754, 9, 8, 5),
(2755, 5, 3, 7),
(2756, 10, 4, 1),
(2757, 1, 3, 4),
(2758, 9, 2, 1),
(2759, 7, 9, 3),
(2760, 2, 2, 9),
(2761, 9, 10, 10),
(2762, 2, 8, 5),
(2763, 5, 5, 5),
(2764, 3, 2, 8),
(2765, 8, 2, 2),
(2766, 7, 2, 1),
(2767, 9, 10, 8),
(2768, 2, 7, 5),
(2769, 2, 4, 2),
(2770, 5, 7, 1),
(2771, 3, 8, 4),
(2772, 3, 7, 8),
(2773, 9, 6, 6),
(2774, 6, 8, 5),
(2775, 8, 10, 7),
(2776, 6, 7, 6),
(2777, 5, 6, 8),
(2778, 2, 6, 8),
(2779, 1, 5, 10),
(2780, 3, 1, 10),
(2781, 4, 2, 4),
(2782, 10, 2, 3),
(2783, 3, 4, 10),
(2784, 8, 6, 2),
(2785, 7, 5, 4),
(2786, 7, 8, 5),
(2787, 2, 8, 7),
(2788, 1, 4, 8),
(2789, 7, 9, 4),
(2790, 7, 10, 3),
(2791, 7, 3, 3),
(2792, 9, 5, 9),
(2793, 10, 9, 7),
(2794, 2, 10, 9),
(2795, 3, 8, 1),
(2796, 4, 6, 3),
(2797, 9, 9, 10),
(2798, 2, 5, 5),
(2799, 8, 4, 9),
(2800, 4, 6, 5),
(2801, 4, 1, 5),
(2802, 4, 5, 3),
(2803, 4, 10, 8),
(2804, 6, 2, 7),
(2805, 6, 2, 9),
(2806, 7, 8, 5),
(2807, 6, 1, 4),
(2808, 1, 9, 2),
(2809, 7, 4, 10),
(2810, 8, 1, 9),
(2811, 4, 10, 6),
(2812, 7, 2, 4),
(2813, 9, 3, 2),
(2814, 8, 10, 7),
(2815, 10, 4, 9),
(2816, 1, 5, 10),
(2817, 9, 4, 8),
(2818, 7, 10, 6),
(2819, 5, 3, 7),
(2820, 4, 8, 6),
(2821, 5, 9, 4),
(2822, 6, 1, 7),
(2823, 6, 7, 7),
(2824, 9, 10, 8),
(2825, 1, 5, 5),
(2826, 9, 6, 3),
(2827, 10, 1, 3),
(2828, 9, 7, 4),
(2829, 1, 10, 2),
(2830, 5, 7, 2),
(2831, 5, 7, 3),
(2832, 1, 10, 4),
(2833, 3, 6, 4),
(2834, 7, 8, 8),
(2835, 5, 3, 5),
(2836, 10, 3, 1),
(2837, 5, 5, 8),
(2838, 5, 6, 2),
(2839, 5, 7, 8),
(2840, 10, 10, 10),
(2841, 4, 2, 8),
(2842, 2, 7, 9),
(2843, 5, 7, 10),
(2844, 1, 8, 6),
(2845, 4, 2, 2),
(2846, 9, 3, 2),
(2847, 5, 9, 10),
(2848, 6, 10, 2),
(2849, 6, 9, 7),
(2850, 5, 1, 3),
(2851, 2, 3, 4),
(2852, 3, 8, 8),
(2853, 1, 8, 10),
(2854, 2, 4, 9),
(2855, 1, 2, 8),
(2856, 2, 2, 5),
(2857, 6, 1, 8),
(2858, 5, 6, 10),
(2859, 1, 8, 3),
(2860, 7, 3, 8),
(2861, 3, 8, 3),
(2862, 7, 10, 8),
(2863, 5, 4, 10),
(2864, 4, 3, 8),
(2865, 1, 9, 7),
(2866, 2, 9, 1),
(2867, 1, 3, 3),
(2868, 8, 7, 10),
(2869, 10, 6, 6),
(2870, 6, 7, 5),
(2871, 4, 1, 6),
(2872, 10, 4, 6),
(2873, 8, 5, 6),
(2874, 6, 2, 7),
(2875, 7, 4, 10),
(2876, 5, 8, 10),
(2877, 6, 5, 4),
(2878, 5, 3, 1),
(2879, 4, 10, 1),
(2880, 10, 5, 5),
(2881, 8, 2, 3),
(2882, 6, 5, 9),
(2883, 3, 2, 9),
(2884, 5, 1, 7),
(2885, 5, 1, 10),
(2886, 9, 1, 8),
(2887, 8, 6, 6),
(2888, 9, 1, 10),
(2889, 10, 8, 2),
(2890, 10, 1, 9),
(2891, 4, 3, 5),
(2892, 3, 3, 1),
(2893, 10, 6, 3),
(2894, 4, 4, 3),
(2895, 9, 9, 9),
(2896, 8, 2, 9),
(2897, 8, 1, 8),
(2898, 3, 4, 3),
(2899, 2, 6, 2),
(2900, 8, 5, 6),
(2901, 9, 5, 6),
(2902, 6, 6, 9),
(2903, 7, 9, 4),
(2904, 6, 7, 3),
(2905, 8, 8, 2),
(2906, 8, 8, 1),
(2907, 7, 4, 2),
(2908, 5, 2, 7),
(2909, 6, 8, 3),
(2910, 10, 8, 6),
(2911, 2, 5, 3),
(2912, 2, 7, 4),
(2913, 4, 2, 7),
(2914, 4, 9, 4),
(2915, 8, 2, 4),
(2916, 9, 10, 10),
(2917, 10, 10, 2),
(2918, 7, 5, 3),
(2919, 10, 1, 7),
(2920, 6, 1, 2),
(2921, 3, 8, 1),
(2922, 4, 7, 2),
(2923, 1, 5, 1),
(2924, 1, 4, 4),
(2925, 1, 10, 6),
(2926, 9, 5, 6),
(2927, 2, 10, 10),
(2928, 5, 7, 8),
(2929, 8, 10, 9),
(2930, 9, 5, 5),
(2931, 3, 8, 1),
(2932, 6, 6, 6),
(2933, 5, 2, 7),
(2934, 6, 4, 3),
(2935, 2, 2, 8),
(2936, 3, 8, 6),
(2937, 4, 5, 9),
(2938, 7, 6, 2),
(2939, 1, 3, 8),
(2940, 2, 8, 3),
(2941, 7, 9, 5),
(2942, 8, 2, 2),
(2943, 7, 5, 6),
(2944, 5, 5, 5),
(2945, 4, 3, 7),
(2946, 3, 8, 8),
(2947, 6, 4, 8),
(2948, 9, 8, 4),
(2949, 10, 1, 3),
(2950, 2, 10, 1),
(2951, 1, 3, 6),
(2952, 1, 7, 3),
(2953, 8, 10, 2),
(2954, 5, 3, 8),
(2955, 8, 4, 9),
(2956, 5, 4, 5),
(2957, 9, 9, 10),
(2958, 2, 5, 5),
(2959, 10, 9, 5),
(2960, 5, 1, 2),
(2961, 4, 7, 6),
(2962, 1, 7, 4),
(2963, 6, 6, 1),
(2964, 8, 7, 2),
(2965, 3, 7, 5),
(2966, 3, 4, 4),
(2967, 10, 10, 7),
(2968, 4, 10, 9),
(2969, 3, 7, 5),
(2970, 8, 5, 1),
(2971, 5, 1, 7),
(2972, 6, 7, 1),
(2973, 8, 5, 5),
(2974, 4, 10, 7),
(2975, 6, 1, 9),
(2976, 3, 8, 10),
(2977, 5, 10, 1),
(2978, 1, 2, 6),
(2979, 1, 7, 2),
(2980, 7, 9, 6),
(2981, 4, 6, 4),
(2982, 8, 10, 4),
(2983, 3, 5, 10),
(2984, 4, 5, 6),
(2985, 8, 5, 4),
(2986, 3, 5, 3),
(2987, 8, 5, 4),
(2988, 8, 9, 2),
(2989, 6, 8, 3),
(2990, 8, 6, 9),
(2991, 3, 3, 7),
(2992, 8, 5, 4),
(2993, 9, 1, 9),
(2994, 3, 9, 5),
(2995, 7, 7, 8),
(2996, 1, 7, 4),
(2997, 2, 1, 2),
(2998, 8, 9, 9),
(2999, 3, 4, 3),
(3000, 8, 6, 7),
(3001, 2, 4, 7),
(3002, 4, 5, 3),
(3003, 2, 1, 3),
(3004, 7, 3, 7),
(3005, 9, 7, 9),
(3006, 1, 8, 8),
(3007, 8, 5, 3),
(3008, 6, 9, 9),
(3009, 8, 4, 5),
(3010, 7, 2, 3),
(3011, 9, 8, 5),
(3012, 9, 5, 7),
(3013, 1, 4, 3),
(3014, 9, 1, 1),
(3015, 2, 9, 10),
(3016, 3, 1, 9),
(3017, 8, 6, 4),
(3018, 5, 5, 1),
(3019, 9, 6, 10),
(3020, 2, 6, 4),
(3021, 7, 10, 7),
(3022, 3, 6, 10),
(3023, 3, 6, 5),
(3024, 7, 9, 5),
(3025, 5, 8, 3),
(3026, 10, 9, 10),
(3027, 6, 7, 6),
(3028, 4, 10, 10),
(3029, 3, 3, 9),
(3030, 10, 3, 2),
(3031, 1, 6, 8),
(3032, 8, 10, 8),
(3033, 3, 2, 10),
(3034, 3, 9, 7),
(3035, 3, 6, 1),
(3036, 1, 3, 5),
(3037, 10, 9, 8),
(3038, 9, 8, 2),
(3039, 2, 4, 4),
(3040, 5, 6, 2),
(3041, 4, 9, 2),
(3042, 5, 9, 8),
(3043, 7, 7, 2),
(3044, 3, 3, 2),
(3045, 4, 6, 10),
(3046, 3, 7, 1),
(3047, 2, 2, 1),
(3048, 4, 9, 8),
(3049, 1, 9, 10),
(3050, 4, 3, 6),
(3051, 8, 10, 3),
(3052, 4, 8, 2),
(3053, 9, 8, 3),
(3054, 7, 2, 3),
(3055, 4, 7, 4),
(3056, 10, 8, 7),
(3057, 7, 5, 6),
(3058, 9, 10, 1),
(3059, 10, 8, 7),
(3060, 4, 2, 3),
(3061, 2, 10, 1),
(3062, 3, 2, 6),
(3063, 10, 7, 4),
(3064, 2, 7, 1),
(3065, 9, 1, 9),
(3066, 5, 5, 9),
(3067, 9, 4, 3),
(3068, 6, 2, 9),
(3069, 3, 2, 9),
(3070, 1, 4, 6),
(3071, 3, 2, 9),
(3072, 6, 8, 3),
(3073, 2, 7, 1),
(3074, 7, 3, 3),
(3075, 1, 5, 9),
(3076, 8, 8, 5),
(3077, 6, 10, 9),
(3078, 4, 4, 9),
(3079, 4, 6, 10),
(3080, 4, 1, 2),
(3081, 7, 10, 8),
(3082, 6, 3, 6),
(3083, 1, 6, 8),
(3084, 9, 7, 10),
(3085, 9, 3, 10),
(3086, 3, 5, 6),
(3087, 3, 9, 9),
(3088, 2, 1, 4),
(3089, 7, 10, 1),
(3090, 4, 8, 10),
(3091, 6, 7, 1),
(3092, 5, 10, 8),
(3093, 7, 6, 3),
(3094, 3, 3, 9),
(3095, 1, 1, 9),
(3096, 5, 2, 7),
(3097, 5, 3, 10),
(3098, 8, 8, 1),
(3099, 3, 10, 5),
(3100, 4, 9, 2),
(3101, 1, 8, 9),
(3102, 10, 9, 9),
(3103, 6, 8, 6),
(3104, 6, 1, 7),
(3105, 3, 1, 10),
(3106, 2, 3, 2),
(3107, 3, 2, 7),
(3108, 10, 9, 7),
(3109, 2, 4, 3),
(3110, 2, 8, 4),
(3111, 4, 1, 6),
(3112, 6, 4, 7),
(3113, 5, 8, 9),
(3114, 2, 10, 8),
(3115, 4, 4, 8),
(3116, 2, 8, 1),
(3117, 9, 7, 9),
(3118, 3, 6, 1),
(3119, 5, 7, 1),
(3120, 4, 4, 6),
(3121, 9, 7, 1),
(3122, 10, 10, 1),
(3123, 3, 10, 6),
(3124, 8, 6, 6),
(3125, 1, 4, 8),
(3126, 4, 5, 9),
(3127, 6, 10, 6),
(3128, 6, 2, 8),
(3129, 6, 3, 4),
(3130, 10, 3, 3),
(3131, 3, 4, 2),
(3132, 10, 2, 7),
(3133, 2, 5, 6),
(3134, 2, 7, 8),
(3135, 6, 8, 7),
(3136, 5, 6, 5),
(3137, 9, 9, 7),
(3138, 7, 6, 1),
(3139, 5, 1, 2),
(3140, 9, 10, 3),
(3141, 4, 10, 10),
(3142, 2, 4, 3),
(3143, 3, 9, 9),
(3144, 10, 7, 10),
(3145, 3, 2, 7),
(3146, 6, 6, 8),
(3147, 6, 6, 8),
(3148, 10, 3, 10),
(3149, 4, 9, 8),
(3150, 4, 10, 5),
(3151, 8, 4, 7),
(3152, 5, 3, 8),
(3153, 6, 5, 8),
(3154, 3, 9, 5),
(3155, 6, 6, 5),
(3156, 5, 7, 7),
(3157, 8, 10, 4),
(3158, 10, 7, 3),
(3159, 5, 7, 2),
(3160, 1, 9, 7),
(3161, 2, 5, 4),
(3162, 4, 7, 4),
(3163, 3, 10, 2),
(3164, 10, 6, 5),
(3165, 7, 3, 3),
(3166, 2, 10, 4),
(3167, 5, 2, 4),
(3168, 2, 2, 9),
(3169, 10, 1, 4),
(3170, 4, 3, 10),
(3171, 3, 1, 6),
(3172, 4, 3, 8),
(3173, 6, 1, 10),
(3174, 3, 10, 1),
(3175, 6, 6, 6),
(3176, 2, 10, 5),
(3177, 5, 3, 10),
(3178, 1, 9, 1),
(3179, 4, 5, 8),
(3180, 10, 2, 1),
(3181, 6, 10, 7),
(3182, 3, 9, 2),
(3183, 10, 1, 7),
(3184, 6, 8, 6),
(3185, 9, 7, 7),
(3186, 8, 9, 9),
(3187, 1, 6, 9),
(3188, 4, 5, 4),
(3189, 10, 1, 8),
(3190, 10, 5, 10),
(3191, 3, 4, 9),
(3192, 6, 7, 9),
(3193, 8, 6, 1),
(3194, 8, 4, 3),
(3195, 4, 3, 5),
(3196, 9, 7, 4),
(3197, 2, 8, 7),
(3198, 6, 4, 9),
(3199, 10, 1, 3),
(3200, 7, 8, 9),
(3201, 8, 10, 2),
(3202, 9, 9, 7),
(3203, 2, 7, 1),
(3204, 6, 1, 5),
(3205, 3, 9, 6),
(3206, 1, 1, 5),
(3207, 1, 8, 6),
(3208, 10, 7, 2),
(3209, 9, 1, 6),
(3210, 9, 6, 10),
(3211, 1, 9, 3),
(3212, 10, 6, 10),
(3213, 7, 4, 2),
(3214, 2, 9, 1),
(3215, 7, 2, 9),
(3216, 10, 10, 3),
(3217, 3, 10, 9),
(3218, 9, 1, 3),
(3219, 5, 4, 1),
(3220, 10, 2, 7),
(3221, 1, 4, 4),
(3222, 10, 9, 7),
(3223, 2, 3, 2),
(3224, 2, 7, 8),
(3225, 6, 1, 5),
(3226, 4, 10, 7),
(3227, 10, 9, 9),
(3228, 10, 7, 3),
(3229, 4, 9, 3),
(3230, 9, 7, 9),
(3231, 5, 8, 10),
(3232, 4, 5, 2),
(3233, 8, 4, 2),
(3234, 7, 3, 2),
(3235, 3, 2, 2),
(3236, 1, 2, 2),
(3237, 2, 1, 7),
(3238, 4, 3, 5),
(3239, 9, 10, 8),
(3240, 2, 1, 1),
(3241, 1, 10, 3),
(3242, 8, 8, 4),
(3243, 4, 6, 7),
(3244, 4, 7, 2),
(3245, 6, 1, 6),
(3246, 2, 6, 7),
(3247, 9, 5, 5),
(3248, 2, 1, 1),
(3249, 4, 5, 1),
(3250, 8, 3, 1),
(3251, 7, 2, 10),
(3252, 8, 3, 6),
(3253, 4, 10, 7),
(3254, 9, 5, 9),
(3255, 4, 3, 7),
(3256, 9, 7, 8),
(3257, 9, 10, 9),
(3258, 4, 6, 7),
(3259, 3, 6, 9),
(3260, 4, 7, 9),
(3261, 1, 2, 7),
(3262, 9, 9, 5),
(3263, 6, 2, 7),
(3264, 8, 1, 3),
(3265, 3, 6, 1),
(3266, 3, 1, 1),
(3267, 4, 4, 4),
(3268, 10, 10, 4),
(3269, 8, 3, 7),
(3270, 6, 4, 4),
(3271, 10, 3, 10),
(3272, 8, 4, 10),
(3273, 1, 10, 9),
(3274, 1, 1, 8),
(3275, 6, 2, 9),
(3276, 2, 8, 9),
(3277, 3, 8, 5),
(3278, 8, 2, 10),
(3279, 1, 3, 7),
(3280, 3, 10, 4),
(3281, 4, 3, 8),
(3282, 1, 7, 5),
(3283, 2, 8, 5),
(3284, 10, 8, 9),
(3285, 9, 2, 1),
(3286, 8, 2, 1),
(3287, 5, 2, 10),
(3288, 3, 5, 9),
(3289, 2, 7, 3),
(3290, 3, 6, 10),
(3291, 5, 1, 4),
(3292, 3, 2, 1),
(3293, 9, 5, 8),
(3294, 4, 8, 1),
(3295, 1, 5, 9),
(3296, 4, 4, 10),
(3297, 9, 2, 1),
(3298, 10, 7, 7),
(3299, 10, 7, 4),
(3300, 10, 5, 8),
(3301, 4, 6, 7),
(3302, 3, 2, 4),
(3303, 8, 3, 9),
(3304, 7, 10, 5),
(3305, 6, 6, 8),
(3306, 7, 9, 9),
(3307, 8, 5, 5),
(3308, 4, 10, 7),
(3309, 5, 4, 4),
(3310, 4, 5, 7),
(3311, 8, 6, 10),
(3312, 9, 4, 9),
(3313, 8, 3, 4),
(3314, 2, 5, 2),
(3315, 2, 5, 1),
(3316, 3, 6, 2),
(3317, 3, 2, 8),
(3318, 2, 10, 7),
(3319, 6, 7, 7),
(3320, 7, 8, 10),
(3321, 2, 1, 9),
(3322, 4, 10, 4),
(3323, 6, 2, 7),
(3324, 4, 5, 9),
(3325, 9, 10, 9),
(3326, 4, 6, 5),
(3327, 3, 7, 4),
(3328, 10, 8, 7),
(3329, 10, 6, 4),
(3330, 6, 3, 4),
(3331, 8, 4, 7),
(3332, 9, 9, 5),
(3333, 6, 7, 3),
(3334, 5, 5, 4),
(3335, 5, 10, 5),
(3336, 9, 3, 5),
(3337, 4, 6, 3),
(3338, 10, 2, 10);
INSERT INTO `orders` (`id`, `box_id`, `product_id`, `num`) VALUES
(3339, 2, 10, 5),
(3340, 9, 6, 4),
(3341, 8, 7, 3),
(3342, 3, 7, 4),
(3343, 3, 10, 3),
(3344, 10, 5, 6),
(3345, 4, 2, 3),
(3346, 5, 9, 3),
(3347, 1, 9, 10),
(3348, 2, 5, 5),
(3349, 4, 7, 8),
(3350, 3, 9, 10),
(3351, 5, 5, 5),
(3352, 8, 8, 5),
(3353, 2, 7, 7),
(3354, 5, 10, 9),
(3355, 4, 1, 1),
(3356, 1, 4, 8),
(3357, 4, 5, 3),
(3358, 6, 10, 3),
(3359, 10, 1, 2),
(3360, 7, 1, 10),
(3361, 3, 8, 5),
(3362, 5, 1, 7),
(3363, 10, 3, 7),
(3364, 7, 8, 1),
(3365, 8, 10, 8),
(3366, 5, 8, 1),
(3367, 1, 8, 8),
(3368, 1, 6, 2),
(3369, 7, 2, 1),
(3370, 3, 3, 6),
(3371, 7, 3, 8),
(3372, 6, 8, 1),
(3373, 9, 7, 10),
(3374, 10, 9, 1),
(3375, 8, 9, 3),
(3376, 2, 9, 3),
(3377, 7, 3, 4),
(3378, 5, 4, 9),
(3379, 4, 2, 9),
(3380, 2, 3, 10),
(3381, 6, 6, 9),
(3382, 10, 10, 4),
(3383, 5, 8, 10),
(3384, 6, 3, 9),
(3385, 9, 8, 3),
(3386, 9, 3, 5),
(3387, 5, 5, 4),
(3388, 1, 8, 5),
(3389, 8, 10, 10),
(3390, 3, 8, 3),
(3391, 5, 5, 6),
(3392, 2, 10, 10),
(3393, 9, 7, 2),
(3394, 5, 9, 6),
(3395, 1, 8, 10),
(3396, 6, 6, 9),
(3397, 2, 8, 4),
(3398, 4, 7, 3),
(3399, 7, 6, 6),
(3400, 3, 2, 8),
(3401, 9, 7, 1),
(3402, 9, 9, 3),
(3403, 10, 1, 9),
(3404, 4, 5, 1),
(3405, 1, 10, 4),
(3406, 10, 7, 7),
(3407, 8, 8, 9),
(3408, 2, 6, 2),
(3409, 10, 10, 7),
(3410, 5, 9, 5),
(3411, 9, 9, 5),
(3412, 2, 10, 4),
(3413, 5, 6, 10),
(3414, 1, 10, 1),
(3415, 8, 9, 4),
(3416, 2, 4, 5),
(3417, 7, 4, 10),
(3418, 10, 7, 2),
(3419, 8, 5, 8),
(3420, 2, 1, 5),
(3421, 3, 10, 6),
(3422, 8, 8, 2),
(3423, 4, 1, 7),
(3424, 7, 6, 3),
(3425, 5, 5, 10),
(3426, 8, 7, 6),
(3427, 8, 1, 10),
(3428, 8, 1, 5),
(3429, 10, 10, 9),
(3430, 10, 8, 2),
(3431, 7, 5, 2),
(3432, 3, 9, 1),
(3433, 2, 10, 6),
(3434, 10, 1, 6),
(3435, 2, 10, 3),
(3436, 1, 6, 2),
(3437, 4, 1, 3),
(3438, 8, 3, 1),
(3439, 8, 5, 5),
(3440, 10, 3, 3),
(3441, 5, 9, 1),
(3442, 1, 2, 1),
(3443, 3, 5, 4),
(3444, 9, 9, 4),
(3445, 3, 1, 1),
(3446, 2, 10, 9),
(3447, 1, 10, 2),
(3448, 7, 6, 1),
(3449, 8, 9, 8),
(3450, 7, 5, 6),
(3451, 4, 6, 3),
(3452, 8, 6, 2),
(3453, 10, 5, 1),
(3454, 10, 10, 10),
(3455, 6, 4, 5),
(3456, 2, 8, 6),
(3457, 9, 10, 7),
(3458, 5, 7, 9),
(3459, 10, 3, 10),
(3460, 6, 5, 3),
(3461, 2, 4, 10),
(3462, 5, 5, 1),
(3463, 2, 9, 3),
(3464, 4, 3, 4),
(3465, 5, 8, 5),
(3466, 10, 6, 8),
(3467, 5, 6, 6),
(3468, 4, 7, 5),
(3469, 3, 1, 2),
(3470, 2, 6, 7),
(3471, 9, 7, 7),
(3472, 8, 1, 10),
(3473, 1, 4, 8),
(3474, 7, 9, 8),
(3475, 3, 1, 9),
(3476, 6, 10, 9),
(3477, 4, 7, 6),
(3478, 5, 3, 9),
(3479, 3, 7, 6),
(3480, 7, 10, 10),
(3481, 6, 5, 4),
(3482, 3, 6, 2),
(3483, 2, 7, 1),
(3484, 10, 7, 7),
(3485, 5, 9, 2),
(3486, 6, 5, 9),
(3487, 8, 4, 6),
(3488, 2, 2, 9),
(3489, 9, 8, 2),
(3490, 9, 5, 2),
(3491, 10, 1, 2),
(3492, 1, 8, 10),
(3493, 9, 1, 10),
(3494, 8, 6, 3),
(3495, 9, 9, 8),
(3496, 7, 6, 7),
(3497, 9, 7, 3),
(3498, 10, 10, 3),
(3499, 5, 9, 10),
(3500, 7, 2, 9),
(3501, 3, 1, 2),
(3502, 10, 2, 9),
(3503, 8, 3, 8),
(3504, 7, 6, 1),
(3505, 10, 3, 8),
(3506, 5, 9, 3),
(3507, 8, 2, 2),
(3508, 10, 1, 6),
(3509, 2, 5, 5),
(3510, 4, 8, 4),
(3511, 5, 3, 6),
(3512, 10, 1, 9),
(3513, 7, 1, 6),
(3514, 10, 3, 2),
(3515, 10, 6, 9),
(3516, 5, 3, 5),
(3517, 3, 1, 7),
(3518, 4, 6, 4),
(3519, 2, 6, 8),
(3520, 5, 3, 7),
(3521, 6, 9, 9),
(3522, 1, 4, 4),
(3523, 4, 1, 2),
(3524, 9, 4, 5),
(3525, 7, 6, 6),
(3526, 10, 4, 5),
(3527, 5, 9, 7),
(3528, 2, 6, 7),
(3529, 1, 1, 1),
(3530, 10, 9, 7),
(3531, 7, 7, 6),
(3532, 2, 4, 6),
(3533, 8, 8, 1),
(3534, 3, 4, 4),
(3535, 9, 7, 7),
(3536, 3, 3, 10),
(3537, 4, 5, 8),
(3538, 1, 7, 10),
(3539, 9, 9, 4),
(3540, 9, 9, 5),
(3541, 6, 10, 2),
(3542, 9, 2, 4),
(3543, 7, 5, 7),
(3544, 2, 5, 5),
(3545, 6, 10, 1),
(3546, 3, 6, 9),
(3547, 1, 7, 4),
(3548, 6, 10, 4),
(3549, 3, 8, 3),
(3550, 4, 2, 5),
(3551, 10, 6, 6),
(3552, 8, 3, 1),
(3553, 4, 6, 9),
(3554, 8, 5, 7),
(3555, 4, 5, 5),
(3556, 10, 8, 3),
(3557, 3, 9, 4),
(3558, 10, 3, 10),
(3559, 7, 2, 10),
(3560, 4, 1, 2),
(3561, 10, 2, 8),
(3562, 8, 3, 4),
(3563, 4, 6, 1),
(3564, 7, 10, 5),
(3565, 9, 7, 9),
(3566, 6, 5, 1),
(3567, 10, 10, 4),
(3568, 5, 1, 5),
(3569, 5, 9, 7),
(3570, 2, 3, 5),
(3571, 10, 9, 2),
(3572, 2, 9, 4),
(3573, 4, 4, 9),
(3574, 4, 10, 4),
(3575, 10, 9, 5),
(3576, 6, 4, 2),
(3577, 10, 6, 6),
(3578, 4, 5, 3),
(3579, 6, 9, 4),
(3580, 5, 3, 1),
(3581, 10, 8, 9),
(3582, 3, 1, 6),
(3583, 4, 3, 7),
(3584, 4, 1, 10),
(3585, 6, 10, 10),
(3586, 6, 2, 1),
(3587, 7, 7, 4),
(3588, 9, 7, 6),
(3589, 7, 10, 5),
(3590, 3, 3, 3),
(3591, 5, 6, 6),
(3592, 10, 6, 7),
(3593, 6, 4, 5),
(3594, 5, 7, 5),
(3595, 6, 7, 8),
(3596, 9, 2, 2),
(3597, 5, 9, 7),
(3598, 7, 2, 7),
(3599, 3, 1, 10),
(3600, 2, 3, 4),
(3601, 8, 6, 1),
(3602, 6, 5, 3),
(3603, 3, 5, 10),
(3604, 7, 4, 3),
(3605, 3, 8, 8),
(3606, 3, 10, 8),
(3607, 4, 10, 2),
(3608, 2, 2, 8),
(3609, 1, 2, 7),
(3610, 7, 1, 5),
(3611, 3, 1, 3),
(3612, 2, 1, 5),
(3613, 5, 9, 2),
(3614, 5, 10, 4),
(3615, 2, 6, 3),
(3616, 2, 7, 2),
(3617, 9, 3, 5),
(3618, 1, 10, 7),
(3619, 8, 2, 5),
(3620, 8, 10, 4),
(3621, 7, 6, 9),
(3622, 1, 8, 10),
(3623, 6, 7, 3),
(3624, 5, 5, 2),
(3625, 9, 2, 9),
(3626, 4, 6, 10),
(3627, 6, 1, 2),
(3628, 2, 9, 2),
(3629, 9, 4, 3),
(3630, 10, 1, 5),
(3631, 6, 1, 5),
(3632, 3, 3, 9),
(3633, 7, 6, 3),
(3634, 4, 6, 7),
(3635, 2, 6, 2),
(3636, 2, 4, 10),
(3637, 6, 8, 7),
(3638, 10, 3, 5),
(3639, 1, 6, 5),
(3640, 1, 9, 10),
(3641, 1, 7, 7),
(3642, 5, 3, 7),
(3643, 4, 7, 2),
(3644, 6, 7, 7),
(3645, 2, 5, 8),
(3646, 9, 9, 2),
(3647, 7, 8, 2),
(3648, 7, 6, 10),
(3649, 2, 6, 3),
(3650, 10, 5, 4),
(3651, 1, 10, 4),
(3652, 7, 4, 6),
(3653, 8, 10, 4),
(3654, 4, 5, 1),
(3655, 2, 8, 8),
(3656, 10, 5, 7),
(3657, 9, 1, 1),
(3658, 3, 8, 3),
(3659, 5, 4, 2),
(3660, 5, 8, 1),
(3661, 2, 3, 6),
(3662, 2, 6, 9),
(3663, 5, 7, 10),
(3664, 3, 2, 4),
(3665, 3, 4, 10),
(3666, 7, 7, 4),
(3667, 4, 2, 7),
(3668, 2, 2, 8),
(3669, 6, 8, 9),
(3670, 5, 5, 8),
(3671, 10, 5, 3),
(3672, 5, 4, 6),
(3673, 9, 5, 1),
(3674, 2, 1, 3),
(3675, 7, 2, 2),
(3676, 3, 1, 9),
(3677, 10, 3, 2),
(3678, 10, 5, 10),
(3679, 10, 10, 8),
(3680, 4, 7, 8),
(3681, 6, 6, 10),
(3682, 2, 1, 1),
(3683, 7, 7, 7),
(3684, 8, 9, 6),
(3685, 8, 8, 3),
(3686, 2, 2, 3),
(3687, 5, 4, 5),
(3688, 10, 5, 3),
(3689, 4, 4, 7),
(3690, 7, 8, 7),
(3691, 1, 8, 5),
(3692, 10, 10, 6),
(3693, 2, 6, 10),
(3694, 8, 2, 7),
(3695, 7, 10, 7),
(3696, 7, 7, 3),
(3697, 6, 6, 4),
(3698, 4, 8, 5),
(3699, 3, 1, 10),
(3700, 2, 7, 9),
(3701, 9, 6, 4),
(3702, 7, 9, 4),
(3703, 3, 4, 7),
(3704, 8, 5, 5),
(3705, 2, 1, 1),
(3706, 3, 9, 8),
(3707, 8, 7, 1),
(3708, 7, 1, 9),
(3709, 8, 9, 4),
(3710, 9, 10, 3),
(3711, 8, 10, 5),
(3712, 1, 3, 9),
(3713, 9, 4, 10),
(3714, 9, 8, 2),
(3715, 3, 4, 3),
(3716, 6, 6, 7),
(3717, 3, 4, 7),
(3718, 10, 9, 10),
(3719, 10, 6, 6),
(3720, 2, 8, 5),
(3721, 9, 1, 7),
(3722, 3, 4, 9),
(3723, 5, 3, 6),
(3724, 9, 7, 9),
(3725, 2, 2, 9),
(3726, 1, 10, 2),
(3727, 1, 7, 4),
(3728, 5, 8, 5),
(3729, 2, 3, 7),
(3730, 7, 5, 9),
(3731, 4, 5, 1),
(3732, 1, 10, 7),
(3733, 1, 6, 3),
(3734, 2, 10, 6),
(3735, 8, 2, 9),
(3736, 5, 2, 4),
(3737, 9, 4, 3),
(3738, 1, 10, 8),
(3739, 6, 7, 2),
(3740, 2, 10, 7),
(3741, 9, 4, 7),
(3742, 10, 3, 9),
(3743, 10, 8, 5),
(3744, 10, 9, 6),
(3745, 7, 8, 2),
(3746, 10, 4, 10),
(3747, 4, 2, 1),
(3748, 8, 4, 10),
(3749, 10, 9, 8),
(3750, 8, 2, 8),
(3751, 10, 6, 5),
(3752, 8, 6, 2),
(3753, 1, 3, 3),
(3754, 2, 8, 6),
(3755, 4, 10, 9),
(3756, 1, 2, 9),
(3757, 2, 2, 10),
(3758, 4, 9, 8),
(3759, 8, 9, 2),
(3760, 2, 2, 6),
(3761, 2, 9, 3),
(3762, 9, 6, 5),
(3763, 3, 3, 3),
(3764, 6, 5, 4),
(3765, 3, 10, 5),
(3766, 1, 7, 9),
(3767, 8, 3, 7),
(3768, 6, 2, 5),
(3769, 4, 10, 1),
(3770, 7, 10, 8),
(3771, 1, 3, 10),
(3772, 3, 1, 6),
(3773, 3, 7, 5),
(3774, 6, 4, 6),
(3775, 10, 4, 7),
(3776, 9, 2, 7),
(3777, 8, 8, 7),
(3778, 10, 3, 4),
(3779, 7, 2, 10),
(3780, 3, 10, 6),
(3781, 5, 10, 10),
(3782, 1, 4, 3),
(3783, 4, 7, 1),
(3784, 2, 2, 3),
(3785, 2, 1, 2),
(3786, 2, 10, 5),
(3787, 7, 6, 9),
(3788, 5, 5, 6),
(3789, 6, 7, 4),
(3790, 9, 1, 8),
(3791, 4, 6, 9),
(3792, 7, 10, 7),
(3793, 4, 1, 2),
(3794, 5, 5, 3),
(3795, 8, 8, 8),
(3796, 8, 2, 2),
(3797, 3, 10, 3),
(3798, 2, 8, 4),
(3799, 7, 6, 4),
(3800, 1, 7, 7),
(3801, 9, 9, 10),
(3802, 10, 5, 6),
(3803, 5, 1, 6),
(3804, 7, 6, 10),
(3805, 2, 1, 6),
(3806, 9, 1, 2),
(3807, 4, 4, 6),
(3808, 8, 6, 6),
(3809, 4, 10, 10),
(3810, 3, 5, 2),
(3811, 2, 5, 5),
(3812, 6, 4, 3),
(3813, 10, 4, 4),
(3814, 7, 9, 4),
(3815, 1, 9, 5),
(3816, 5, 4, 1),
(3817, 5, 2, 6),
(3818, 3, 3, 9),
(3819, 2, 6, 6),
(3820, 5, 2, 2),
(3821, 10, 6, 8),
(3822, 10, 7, 5),
(3823, 9, 7, 9),
(3824, 10, 7, 7),
(3825, 6, 1, 10),
(3826, 9, 1, 4),
(3827, 4, 6, 3),
(3828, 1, 10, 3),
(3829, 4, 4, 5),
(3830, 5, 5, 1),
(3831, 9, 7, 5),
(3832, 6, 6, 9),
(3833, 10, 10, 9),
(3834, 10, 6, 9),
(3835, 7, 2, 9),
(3836, 7, 2, 10),
(3837, 7, 5, 3),
(3838, 2, 3, 8),
(3839, 10, 4, 7),
(3840, 9, 5, 4),
(3841, 2, 5, 5),
(3842, 9, 8, 2),
(3843, 4, 4, 10),
(3844, 4, 10, 9),
(3845, 8, 2, 8),
(3846, 6, 8, 1),
(3847, 8, 4, 5),
(3848, 2, 9, 5),
(3849, 3, 2, 5),
(3850, 7, 6, 1),
(3851, 1, 1, 7),
(3852, 10, 3, 2),
(3853, 3, 5, 5),
(3854, 8, 5, 4),
(3855, 2, 2, 2),
(3856, 5, 1, 9),
(3857, 6, 2, 8),
(3858, 6, 2, 5),
(3859, 5, 5, 6),
(3860, 9, 6, 6),
(3861, 6, 9, 6),
(3862, 1, 6, 8),
(3863, 10, 2, 5),
(3864, 8, 2, 9),
(3865, 1, 4, 8),
(3866, 4, 1, 6),
(3867, 7, 5, 1),
(3868, 5, 2, 10),
(3869, 8, 5, 6),
(3870, 7, 7, 4),
(3871, 7, 5, 1),
(3872, 2, 2, 3),
(3873, 7, 9, 6),
(3874, 3, 8, 9),
(3875, 9, 5, 3),
(3876, 5, 8, 4),
(3877, 5, 7, 4),
(3878, 9, 6, 9),
(3879, 9, 10, 5),
(3880, 6, 9, 5),
(3881, 1, 2, 8),
(3882, 4, 9, 6),
(3883, 4, 2, 7),
(3884, 3, 2, 6),
(3885, 2, 7, 5),
(3886, 1, 7, 8),
(3887, 1, 4, 8),
(3888, 7, 2, 8),
(3889, 8, 7, 6),
(3890, 8, 7, 6),
(3891, 6, 10, 10),
(3892, 9, 9, 9),
(3893, 3, 9, 8),
(3894, 8, 4, 5),
(3895, 4, 3, 8),
(3896, 2, 9, 7),
(3897, 8, 3, 6),
(3898, 9, 5, 3),
(3899, 6, 9, 10),
(3900, 6, 4, 2),
(3901, 2, 1, 10),
(3902, 9, 1, 1),
(3903, 4, 1, 3),
(3904, 5, 4, 3),
(3905, 3, 1, 6),
(3906, 9, 9, 9),
(3907, 1, 3, 3),
(3908, 2, 10, 2),
(3909, 3, 6, 10),
(3910, 2, 5, 6),
(3911, 6, 7, 5),
(3912, 5, 2, 7),
(3913, 3, 7, 3),
(3914, 1, 2, 3),
(3915, 6, 1, 1),
(3916, 2, 4, 7),
(3917, 8, 8, 6),
(3918, 8, 7, 8),
(3919, 4, 1, 10),
(3920, 8, 7, 6),
(3921, 7, 2, 4),
(3922, 8, 6, 5),
(3923, 5, 4, 4),
(3924, 1, 8, 5),
(3925, 2, 8, 8),
(3926, 5, 7, 8),
(3927, 3, 7, 8),
(3928, 5, 7, 9),
(3929, 1, 3, 6),
(3930, 9, 4, 3),
(3931, 6, 8, 9),
(3932, 4, 10, 9),
(3933, 6, 3, 5),
(3934, 10, 10, 3),
(3935, 10, 6, 5),
(3936, 2, 8, 7),
(3937, 8, 3, 6),
(3938, 5, 4, 6),
(3939, 10, 4, 10),
(3940, 1, 3, 1),
(3941, 6, 10, 4),
(3942, 5, 8, 3),
(3943, 6, 6, 6),
(3944, 8, 5, 7),
(3945, 2, 9, 2),
(3946, 9, 8, 2),
(3947, 6, 7, 6),
(3948, 7, 7, 10),
(3949, 2, 3, 4),
(3950, 6, 8, 8),
(3951, 7, 9, 10),
(3952, 7, 7, 7),
(3953, 7, 3, 1),
(3954, 4, 9, 2),
(3955, 4, 3, 2),
(3956, 3, 7, 10),
(3957, 2, 7, 10),
(3958, 7, 8, 10),
(3959, 7, 10, 8),
(3960, 3, 2, 9),
(3961, 9, 3, 5),
(3962, 8, 4, 2),
(3963, 10, 2, 10),
(3964, 10, 3, 6),
(3965, 7, 1, 6),
(3966, 10, 6, 9),
(3967, 7, 8, 8),
(3968, 2, 9, 5),
(3969, 1, 2, 6),
(3970, 4, 5, 6),
(3971, 10, 5, 6),
(3972, 7, 2, 4),
(3973, 1, 1, 9),
(3974, 3, 3, 8),
(3975, 7, 5, 2),
(3976, 4, 4, 3),
(3977, 3, 3, 7),
(3978, 6, 8, 7),
(3979, 7, 1, 6),
(3980, 6, 8, 1),
(3981, 10, 8, 2),
(3982, 8, 4, 8),
(3983, 3, 10, 1),
(3984, 4, 1, 3),
(3985, 10, 6, 9),
(3986, 8, 2, 8),
(3987, 3, 2, 7),
(3988, 6, 3, 4),
(3989, 3, 9, 6),
(3990, 2, 8, 6),
(3991, 8, 8, 7),
(3992, 8, 10, 9),
(3993, 8, 9, 1),
(3994, 5, 2, 4),
(3995, 10, 2, 2),
(3996, 8, 10, 10),
(3997, 4, 5, 3),
(3998, 1, 10, 9),
(3999, 3, 1, 8),
(4000, 9, 2, 8),
(4001, 8, 5, 9),
(4002, 7, 6, 10),
(4003, 10, 9, 10),
(4004, 3, 1, 4),
(4005, 8, 2, 4),
(4006, 6, 6, 2),
(4007, 8, 2, 1),
(4008, 3, 5, 10),
(4009, 10, 5, 2),
(4010, 4, 10, 1),
(4011, 10, 5, 10),
(4012, 8, 10, 2),
(4013, 3, 10, 10),
(4014, 2, 10, 4),
(4015, 3, 7, 5),
(4016, 3, 7, 5),
(4017, 10, 5, 4),
(4018, 10, 4, 3),
(4019, 5, 9, 8),
(4020, 2, 7, 3),
(4021, 6, 7, 8),
(4022, 5, 4, 6),
(4023, 4, 9, 9),
(4024, 5, 4, 8),
(4025, 6, 1, 2),
(4026, 4, 5, 10),
(4027, 10, 2, 6),
(4028, 3, 9, 2),
(4029, 8, 2, 8),
(4030, 2, 2, 6),
(4031, 10, 3, 9),
(4032, 3, 6, 9),
(4033, 4, 2, 5),
(4034, 5, 5, 4),
(4035, 2, 6, 5),
(4036, 10, 1, 3),
(4037, 2, 2, 1),
(4038, 1, 6, 6),
(4039, 3, 8, 1),
(4040, 10, 10, 9),
(4041, 9, 9, 2),
(4042, 2, 7, 2),
(4043, 7, 8, 1),
(4044, 6, 5, 2),
(4045, 8, 10, 5),
(4046, 3, 7, 7),
(4047, 1, 3, 1),
(4048, 1, 10, 6),
(4049, 7, 7, 9),
(4050, 8, 5, 7),
(4051, 9, 3, 5),
(4052, 10, 9, 9),
(4053, 9, 8, 6),
(4054, 6, 10, 6),
(4055, 10, 7, 2),
(4056, 4, 3, 6),
(4057, 6, 9, 6),
(4058, 3, 8, 4),
(4059, 5, 6, 4),
(4060, 5, 8, 8),
(4061, 5, 10, 3),
(4062, 8, 10, 3),
(4063, 4, 6, 2),
(4064, 1, 7, 2),
(4065, 5, 1, 7),
(4066, 5, 9, 8),
(4067, 5, 1, 6),
(4068, 5, 5, 2),
(4069, 8, 2, 9),
(4070, 4, 4, 4),
(4071, 8, 9, 1),
(4072, 1, 9, 10),
(4073, 6, 5, 7),
(4074, 5, 8, 3),
(4075, 7, 10, 4),
(4076, 3, 10, 5),
(4077, 7, 1, 1),
(4078, 10, 7, 7),
(4079, 4, 9, 8),
(4080, 9, 10, 9),
(4081, 8, 8, 3),
(4082, 3, 6, 5),
(4083, 3, 3, 1),
(4084, 8, 10, 3),
(4085, 3, 5, 3),
(4086, 8, 5, 9),
(4087, 4, 5, 7),
(4088, 10, 8, 4),
(4089, 5, 9, 1),
(4090, 5, 2, 6),
(4091, 4, 2, 6),
(4092, 5, 3, 7),
(4093, 1, 9, 7),
(4094, 5, 3, 6),
(4095, 10, 2, 5),
(4096, 7, 8, 6),
(4097, 1, 6, 1),
(4098, 1, 9, 5),
(4099, 7, 2, 4),
(4100, 8, 3, 9),
(4101, 3, 8, 9),
(4102, 4, 6, 3),
(4103, 10, 8, 4),
(4104, 7, 3, 2),
(4105, 8, 4, 6),
(4106, 2, 4, 5),
(4107, 6, 9, 7),
(4108, 1, 5, 5),
(4109, 4, 1, 4),
(4110, 2, 2, 1),
(4111, 9, 6, 4),
(4112, 2, 9, 2),
(4113, 2, 10, 2),
(4114, 7, 1, 6),
(4115, 3, 5, 9),
(4116, 3, 3, 6),
(4117, 5, 9, 3),
(4118, 2, 10, 6),
(4119, 7, 5, 4),
(4120, 4, 2, 1),
(4121, 6, 9, 6),
(4122, 4, 10, 7),
(4123, 5, 10, 4),
(4124, 5, 1, 2),
(4125, 5, 2, 2),
(4126, 2, 2, 7),
(4127, 4, 3, 10),
(4128, 10, 5, 7),
(4129, 3, 10, 3),
(4130, 9, 7, 1),
(4131, 9, 2, 4),
(4132, 7, 1, 5),
(4133, 7, 8, 9),
(4134, 6, 4, 7),
(4135, 7, 6, 2),
(4136, 6, 10, 5),
(4137, 2, 7, 9),
(4138, 9, 6, 2),
(4139, 4, 2, 8),
(4140, 1, 3, 5),
(4141, 1, 6, 3),
(4142, 8, 7, 8),
(4143, 4, 4, 2),
(4144, 6, 10, 1),
(4145, 10, 1, 7),
(4146, 4, 8, 3),
(4147, 10, 4, 7),
(4148, 3, 2, 3),
(4149, 8, 10, 2),
(4150, 6, 1, 3),
(4151, 10, 10, 2),
(4152, 7, 10, 10),
(4153, 10, 1, 5),
(4154, 3, 6, 8),
(4155, 3, 4, 9),
(4156, 1, 4, 9),
(4157, 4, 2, 10),
(4158, 5, 9, 5),
(4159, 1, 3, 5),
(4160, 6, 5, 9),
(4161, 6, 9, 9),
(4162, 7, 7, 7),
(4163, 10, 1, 5),
(4164, 7, 8, 8),
(4165, 10, 1, 10),
(4166, 10, 9, 1),
(4167, 1, 3, 5),
(4168, 9, 6, 4),
(4169, 7, 9, 2),
(4170, 9, 2, 4),
(4171, 1, 1, 2),
(4172, 4, 10, 7),
(4173, 7, 8, 1),
(4174, 3, 1, 1),
(4175, 6, 10, 1),
(4176, 1, 3, 7),
(4177, 9, 9, 3),
(4178, 1, 5, 2),
(4179, 10, 2, 3),
(4180, 10, 6, 7),
(4181, 2, 6, 9),
(4182, 1, 7, 6),
(4183, 10, 6, 6),
(4184, 8, 1, 7),
(4185, 10, 2, 3),
(4186, 2, 6, 8),
(4187, 9, 2, 5),
(4188, 9, 6, 1),
(4189, 8, 2, 3),
(4190, 3, 10, 7),
(4191, 2, 4, 8),
(4192, 3, 8, 8),
(4193, 7, 1, 9),
(4194, 1, 10, 4),
(4195, 1, 10, 6),
(4196, 9, 7, 5),
(4197, 9, 9, 10),
(4198, 5, 2, 9),
(4199, 4, 3, 1),
(4200, 8, 9, 10),
(4201, 10, 4, 5),
(4202, 7, 8, 4),
(4203, 5, 9, 7),
(4204, 9, 7, 10),
(4205, 1, 4, 4),
(4206, 1, 9, 3),
(4207, 3, 1, 2),
(4208, 4, 1, 4),
(4209, 2, 1, 4),
(4210, 7, 7, 1),
(4211, 8, 9, 10),
(4212, 5, 4, 6),
(4213, 7, 2, 9),
(4214, 6, 10, 4),
(4215, 10, 6, 1),
(4216, 8, 9, 8),
(4217, 10, 6, 2),
(4218, 1, 10, 6),
(4219, 5, 3, 7),
(4220, 4, 1, 9),
(4221, 2, 4, 5),
(4222, 9, 3, 8),
(4223, 5, 3, 5),
(4224, 10, 6, 5),
(4225, 10, 5, 9),
(4226, 9, 9, 10),
(4227, 9, 1, 3),
(4228, 4, 9, 2),
(4229, 4, 1, 6),
(4230, 7, 9, 5),
(4231, 7, 3, 8),
(4232, 6, 7, 2),
(4233, 10, 7, 7),
(4234, 6, 3, 6),
(4235, 5, 5, 2),
(4236, 4, 7, 10),
(4237, 6, 3, 6),
(4238, 1, 7, 8),
(4239, 9, 4, 8),
(4240, 6, 3, 4),
(4241, 7, 1, 2),
(4242, 1, 10, 7),
(4243, 4, 4, 8),
(4244, 2, 9, 1),
(4245, 4, 7, 5),
(4246, 3, 7, 10),
(4247, 3, 3, 8),
(4248, 6, 3, 9),
(4249, 5, 4, 2),
(4250, 1, 6, 5),
(4251, 8, 10, 6),
(4252, 10, 2, 7),
(4253, 1, 2, 3),
(4254, 9, 3, 7),
(4255, 6, 8, 4),
(4256, 1, 1, 9),
(4257, 1, 7, 4),
(4258, 10, 5, 4),
(4259, 5, 6, 9),
(4260, 10, 6, 10),
(4261, 3, 5, 8),
(4262, 3, 5, 9),
(4263, 6, 7, 7),
(4264, 5, 8, 6),
(4265, 9, 4, 10),
(4266, 10, 6, 4),
(4267, 4, 10, 9),
(4268, 2, 10, 4),
(4269, 3, 9, 1),
(4270, 5, 5, 10),
(4271, 4, 6, 9),
(4272, 6, 8, 6),
(4273, 7, 5, 10),
(4274, 6, 4, 10),
(4275, 9, 7, 4),
(4276, 8, 10, 10),
(4277, 9, 7, 4),
(4278, 1, 4, 1),
(4279, 5, 3, 8),
(4280, 7, 2, 10),
(4281, 6, 5, 3),
(4282, 8, 2, 5),
(4283, 4, 2, 9),
(4284, 4, 9, 7),
(4285, 9, 10, 10),
(4286, 7, 4, 3),
(4287, 3, 8, 2),
(4288, 6, 5, 10),
(4289, 5, 2, 9),
(4290, 2, 3, 5),
(4291, 6, 2, 5),
(4292, 9, 6, 10),
(4293, 10, 7, 1),
(4294, 7, 1, 6),
(4295, 8, 4, 1),
(4296, 1, 6, 9),
(4297, 7, 3, 3),
(4298, 5, 1, 10),
(4299, 4, 3, 4),
(4300, 8, 5, 8),
(4301, 3, 10, 5),
(4302, 3, 7, 6),
(4303, 3, 4, 2),
(4304, 7, 6, 5),
(4305, 1, 5, 1),
(4306, 6, 3, 4),
(4307, 3, 9, 7),
(4308, 6, 7, 8),
(4309, 7, 3, 1),
(4310, 1, 7, 5),
(4311, 4, 9, 6),
(4312, 3, 7, 8),
(4313, 2, 5, 2),
(4314, 9, 1, 9),
(4315, 5, 6, 7),
(4316, 4, 8, 1),
(4317, 6, 6, 8),
(4318, 10, 4, 9),
(4319, 10, 2, 5),
(4320, 8, 6, 7),
(4321, 7, 9, 5),
(4322, 1, 7, 4),
(4323, 10, 7, 2),
(4324, 2, 5, 9),
(4325, 3, 1, 3),
(4326, 7, 8, 4),
(4327, 6, 10, 9),
(4328, 9, 5, 5),
(4329, 5, 6, 7),
(4330, 2, 3, 5),
(4331, 8, 1, 8),
(4332, 9, 4, 1),
(4333, 8, 8, 9),
(4334, 8, 3, 7),
(4335, 4, 2, 5),
(4336, 10, 10, 6),
(4337, 8, 1, 5),
(4338, 1, 10, 5),
(4339, 2, 2, 1),
(4340, 4, 3, 1),
(4341, 5, 7, 7),
(4342, 5, 5, 6),
(4343, 3, 9, 5),
(4344, 4, 9, 10),
(4345, 8, 3, 1),
(4346, 3, 7, 2),
(4347, 6, 3, 6),
(4348, 10, 7, 4),
(4349, 1, 9, 7),
(4350, 3, 6, 4),
(4351, 3, 3, 3),
(4352, 5, 3, 7),
(4353, 1, 10, 6),
(4354, 7, 5, 8),
(4355, 7, 8, 8),
(4356, 8, 4, 6),
(4357, 3, 9, 7),
(4358, 2, 8, 2),
(4359, 8, 4, 6),
(4360, 1, 3, 9),
(4361, 10, 8, 4),
(4362, 3, 10, 4),
(4363, 4, 7, 3),
(4364, 1, 10, 7),
(4365, 6, 2, 4),
(4366, 6, 5, 9),
(4367, 6, 1, 3),
(4368, 7, 9, 10),
(4369, 9, 9, 7),
(4370, 4, 2, 10),
(4371, 3, 9, 6),
(4372, 10, 2, 2),
(4373, 3, 2, 2),
(4374, 5, 2, 3),
(4375, 2, 1, 5),
(4376, 10, 1, 2),
(4377, 6, 3, 10),
(4378, 1, 4, 7),
(4379, 6, 2, 10),
(4380, 8, 2, 3),
(4381, 1, 3, 1),
(4382, 8, 4, 3),
(4383, 1, 3, 7),
(4384, 8, 10, 6),
(4385, 2, 5, 9),
(4386, 10, 10, 9),
(4387, 5, 8, 4),
(4388, 8, 10, 8),
(4389, 3, 1, 2),
(4390, 4, 6, 3),
(4391, 2, 10, 10),
(4392, 5, 9, 6),
(4393, 1, 1, 6),
(4394, 8, 9, 6),
(4395, 8, 8, 6),
(4396, 10, 4, 9),
(4397, 5, 1, 2),
(4398, 6, 8, 2),
(4399, 8, 6, 3),
(4400, 4, 1, 2),
(4401, 1, 5, 3),
(4402, 5, 6, 2),
(4403, 2, 4, 4),
(4404, 1, 9, 6),
(4405, 5, 8, 2),
(4406, 7, 5, 5),
(4407, 2, 4, 2),
(4408, 1, 5, 6),
(4409, 8, 8, 6),
(4410, 3, 10, 2),
(4411, 9, 5, 6),
(4412, 2, 9, 1),
(4413, 9, 10, 1),
(4414, 7, 6, 4),
(4415, 7, 4, 1),
(4416, 5, 1, 3),
(4417, 5, 10, 4),
(4418, 4, 6, 6),
(4419, 4, 3, 4),
(4420, 9, 1, 1),
(4421, 3, 3, 8),
(4422, 9, 5, 10),
(4423, 1, 1, 3),
(4424, 9, 2, 8),
(4425, 7, 8, 9),
(4426, 4, 2, 8),
(4427, 9, 2, 6),
(4428, 9, 7, 4),
(4429, 9, 1, 6),
(4430, 3, 5, 9),
(4431, 5, 5, 3),
(4432, 2, 1, 3),
(4433, 6, 4, 8),
(4434, 6, 3, 7),
(4435, 10, 7, 6),
(4436, 1, 1, 6),
(4437, 2, 10, 6),
(4438, 9, 9, 1),
(4439, 3, 4, 2),
(4440, 5, 7, 3),
(4441, 1, 6, 10),
(4442, 4, 7, 5),
(4443, 2, 1, 9),
(4444, 8, 6, 8),
(4445, 1, 5, 4),
(4446, 1, 5, 4),
(4447, 6, 4, 5),
(4448, 8, 7, 1),
(4449, 3, 6, 3),
(4450, 3, 7, 3),
(4451, 8, 1, 5),
(4452, 3, 2, 10),
(4453, 5, 9, 10),
(4454, 9, 4, 4),
(4455, 6, 5, 3),
(4456, 7, 8, 2),
(4457, 1, 10, 9),
(4458, 4, 8, 5),
(4459, 1, 8, 1),
(4460, 5, 7, 4),
(4461, 5, 9, 6),
(4462, 6, 6, 6),
(4463, 7, 2, 1),
(4464, 9, 5, 5),
(4465, 1, 2, 8),
(4466, 10, 9, 8),
(4467, 6, 4, 3),
(4468, 3, 3, 1),
(4469, 9, 3, 4),
(4470, 1, 7, 2),
(4471, 10, 9, 9),
(4472, 7, 3, 3),
(4473, 10, 7, 8),
(4474, 5, 5, 1),
(4475, 4, 10, 5),
(4476, 3, 2, 5),
(4477, 7, 1, 7),
(4478, 2, 3, 2),
(4479, 1, 3, 10),
(4480, 7, 4, 5),
(4481, 5, 8, 9),
(4482, 9, 4, 1),
(4483, 2, 7, 5),
(4484, 6, 1, 4),
(4485, 1, 7, 7),
(4486, 8, 4, 2),
(4487, 5, 1, 10),
(4488, 10, 6, 5),
(4489, 3, 7, 8),
(4490, 8, 9, 10),
(4491, 3, 1, 10),
(4492, 5, 6, 1),
(4493, 3, 8, 10),
(4494, 8, 1, 4),
(4495, 2, 1, 4),
(4496, 3, 2, 8),
(4497, 6, 2, 3),
(4498, 6, 9, 3),
(4499, 10, 7, 6),
(4500, 3, 8, 10),
(4501, 3, 7, 8),
(4502, 10, 3, 3),
(4503, 7, 7, 9),
(4504, 1, 8, 6),
(4505, 2, 7, 9),
(4506, 4, 8, 2),
(4507, 7, 2, 9),
(4508, 7, 8, 8),
(4509, 7, 9, 7),
(4510, 2, 7, 9),
(4511, 10, 1, 8),
(4512, 10, 4, 5),
(4513, 3, 9, 8),
(4514, 9, 1, 2),
(4515, 10, 4, 1),
(4516, 5, 2, 7),
(4517, 1, 6, 3),
(4518, 5, 8, 4),
(4519, 4, 3, 7),
(4520, 8, 8, 10),
(4521, 6, 3, 6),
(4522, 8, 8, 3),
(4523, 6, 8, 3),
(4524, 10, 3, 10),
(4525, 8, 8, 8),
(4526, 2, 4, 10),
(4527, 5, 1, 3),
(4528, 9, 10, 4),
(4529, 5, 2, 7),
(4530, 2, 7, 10),
(4531, 7, 9, 2),
(4532, 4, 7, 1),
(4533, 4, 6, 2),
(4534, 4, 6, 4),
(4535, 3, 3, 4),
(4536, 8, 5, 9),
(4537, 8, 10, 7),
(4538, 8, 4, 8),
(4539, 10, 3, 10),
(4540, 1, 10, 7),
(4541, 1, 6, 6),
(4542, 6, 5, 6),
(4543, 5, 2, 10),
(4544, 5, 3, 4),
(4545, 9, 4, 3),
(4546, 10, 9, 5),
(4547, 8, 6, 1),
(4548, 9, 1, 10),
(4549, 6, 8, 4),
(4550, 6, 7, 8),
(4551, 6, 3, 9),
(4552, 4, 10, 1),
(4553, 5, 7, 8),
(4554, 2, 3, 4),
(4555, 4, 10, 1),
(4556, 9, 6, 8),
(4557, 5, 2, 8),
(4558, 8, 2, 7),
(4559, 1, 10, 2),
(4560, 1, 9, 8),
(4561, 1, 1, 9),
(4562, 9, 3, 3),
(4563, 2, 9, 6),
(4564, 3, 6, 2),
(4565, 3, 1, 10),
(4566, 6, 4, 3),
(4567, 6, 7, 1),
(4568, 6, 8, 4),
(4569, 4, 9, 6),
(4570, 8, 6, 9),
(4571, 5, 6, 2),
(4572, 5, 3, 10),
(4573, 1, 9, 6),
(4574, 8, 6, 3),
(4575, 3, 3, 10),
(4576, 1, 3, 10),
(4577, 7, 4, 1),
(4578, 7, 4, 8),
(4579, 6, 9, 9),
(4580, 8, 5, 10),
(4581, 3, 10, 4),
(4582, 6, 10, 6),
(4583, 8, 2, 1),
(4584, 2, 6, 6),
(4585, 4, 7, 4),
(4586, 8, 1, 3),
(4587, 10, 5, 4),
(4588, 2, 3, 2),
(4589, 9, 4, 10),
(4590, 9, 10, 5),
(4591, 9, 8, 3),
(4592, 2, 9, 2),
(4593, 5, 3, 6),
(4594, 1, 8, 7),
(4595, 7, 8, 5),
(4596, 5, 4, 4),
(4597, 3, 10, 3),
(4598, 6, 10, 3),
(4599, 2, 4, 7),
(4600, 6, 6, 2),
(4601, 9, 6, 5),
(4602, 8, 5, 5),
(4603, 10, 6, 5),
(4604, 2, 6, 7),
(4605, 9, 1, 5),
(4606, 1, 7, 10),
(4607, 5, 5, 5),
(4608, 6, 3, 2),
(4609, 7, 8, 1),
(4610, 6, 8, 1),
(4611, 3, 2, 7),
(4612, 7, 4, 4),
(4613, 8, 1, 4),
(4614, 4, 3, 8),
(4615, 7, 5, 5),
(4616, 10, 1, 10),
(4617, 8, 1, 1),
(4618, 7, 7, 9),
(4619, 10, 9, 8),
(4620, 9, 7, 1),
(4621, 6, 9, 5),
(4622, 8, 9, 1),
(4623, 2, 4, 1),
(4624, 4, 8, 8),
(4625, 2, 4, 2),
(4626, 7, 1, 7),
(4627, 1, 9, 9),
(4628, 8, 6, 3),
(4629, 8, 3, 10),
(4630, 3, 4, 7),
(4631, 1, 3, 8),
(4632, 4, 5, 5),
(4633, 10, 10, 8),
(4634, 9, 5, 8),
(4635, 3, 2, 8),
(4636, 5, 4, 4),
(4637, 2, 3, 2),
(4638, 6, 2, 8),
(4639, 5, 1, 9),
(4640, 4, 4, 2),
(4641, 4, 5, 1),
(4642, 9, 10, 2),
(4643, 10, 4, 5),
(4644, 6, 7, 1),
(4645, 7, 2, 9),
(4646, 2, 6, 5),
(4647, 3, 10, 2),
(4648, 6, 5, 1),
(4649, 10, 10, 5),
(4650, 7, 9, 4),
(4651, 6, 2, 10),
(4652, 1, 9, 2),
(4653, 7, 10, 3),
(4654, 10, 5, 9),
(4655, 9, 10, 6),
(4656, 2, 9, 9),
(4657, 9, 8, 2),
(4658, 5, 8, 10),
(4659, 1, 6, 8),
(4660, 9, 6, 6),
(4661, 10, 4, 5),
(4662, 10, 10, 10),
(4663, 7, 4, 5),
(4664, 9, 7, 4),
(4665, 8, 1, 2),
(4666, 2, 5, 4),
(4667, 1, 8, 6),
(4668, 7, 8, 7),
(4669, 3, 10, 5),
(4670, 9, 1, 6),
(4671, 1, 3, 7),
(4672, 2, 6, 10),
(4673, 4, 8, 3),
(4674, 4, 7, 2),
(4675, 4, 6, 10),
(4676, 2, 4, 2),
(4677, 4, 8, 9),
(4678, 6, 7, 8),
(4679, 1, 8, 5),
(4680, 2, 5, 3),
(4681, 4, 1, 3),
(4682, 9, 9, 7),
(4683, 3, 9, 2),
(4684, 2, 2, 8),
(4685, 10, 10, 6),
(4686, 10, 9, 6),
(4687, 1, 8, 3),
(4688, 7, 7, 2),
(4689, 6, 9, 3),
(4690, 10, 6, 5),
(4691, 9, 4, 6),
(4692, 5, 7, 4),
(4693, 2, 5, 6),
(4694, 7, 9, 8),
(4695, 6, 5, 8),
(4696, 1, 6, 10),
(4697, 4, 9, 3),
(4698, 3, 3, 4),
(4699, 3, 1, 2),
(4700, 6, 6, 6),
(4701, 2, 1, 9),
(4702, 10, 4, 3),
(4703, 2, 7, 6),
(4704, 7, 1, 4),
(4705, 10, 10, 10),
(4706, 8, 7, 3),
(4707, 1, 5, 1),
(4708, 9, 6, 5),
(4709, 2, 6, 6),
(4710, 3, 5, 6),
(4711, 8, 8, 4),
(4712, 4, 4, 2),
(4713, 10, 9, 3),
(4714, 6, 5, 9),
(4715, 1, 7, 7),
(4716, 2, 5, 10),
(4717, 7, 4, 6),
(4718, 2, 8, 6),
(4719, 10, 9, 9),
(4720, 8, 8, 1),
(4721, 8, 8, 2),
(4722, 2, 8, 5),
(4723, 7, 10, 6),
(4724, 6, 7, 6),
(4725, 3, 3, 9),
(4726, 3, 6, 3),
(4727, 8, 1, 5),
(4728, 10, 3, 5),
(4729, 5, 5, 4),
(4730, 6, 7, 8),
(4731, 10, 7, 3),
(4732, 7, 4, 1),
(4733, 7, 6, 1),
(4734, 10, 4, 3),
(4735, 6, 10, 3),
(4736, 10, 8, 10),
(4737, 2, 9, 1),
(4738, 8, 8, 5),
(4739, 3, 8, 1),
(4740, 6, 4, 10),
(4741, 5, 1, 1),
(4742, 9, 3, 2),
(4743, 8, 3, 2),
(4744, 5, 10, 10),
(4745, 2, 7, 4),
(4746, 2, 2, 2),
(4747, 5, 9, 10),
(4748, 2, 2, 8),
(4749, 2, 10, 3),
(4750, 2, 9, 4),
(4751, 8, 5, 7),
(4752, 2, 7, 4),
(4753, 2, 3, 10),
(4754, 5, 9, 8),
(4755, 2, 5, 10),
(4756, 9, 10, 8),
(4757, 3, 5, 10),
(4758, 9, 1, 8),
(4759, 5, 6, 10),
(4760, 6, 10, 7),
(4761, 4, 1, 3),
(4762, 7, 10, 8),
(4763, 2, 3, 10),
(4764, 5, 10, 9),
(4765, 4, 2, 9),
(4766, 6, 4, 5),
(4767, 8, 3, 6),
(4768, 9, 4, 1),
(4769, 3, 8, 8),
(4770, 4, 2, 6),
(4771, 3, 7, 7),
(4772, 6, 4, 10),
(4773, 3, 2, 3),
(4774, 7, 9, 3),
(4775, 5, 9, 8),
(4776, 9, 4, 4),
(4777, 5, 3, 8),
(4778, 8, 3, 4),
(4779, 8, 2, 3),
(4780, 8, 1, 10),
(4781, 1, 5, 10),
(4782, 5, 4, 5),
(4783, 10, 9, 6),
(4784, 4, 8, 8),
(4785, 5, 4, 10),
(4786, 6, 9, 8),
(4787, 6, 5, 3),
(4788, 3, 7, 6),
(4789, 9, 10, 5),
(4790, 9, 3, 9),
(4791, 4, 2, 7),
(4792, 9, 2, 6),
(4793, 6, 10, 10),
(4794, 7, 6, 4),
(4795, 6, 1, 6),
(4796, 6, 2, 10),
(4797, 1, 10, 4),
(4798, 3, 1, 8),
(4799, 10, 10, 5),
(4800, 3, 7, 10),
(4801, 9, 7, 4),
(4802, 6, 7, 3),
(4803, 4, 3, 6),
(4804, 2, 4, 10),
(4805, 4, 5, 7),
(4806, 8, 5, 9),
(4807, 1, 6, 2),
(4808, 6, 5, 4),
(4809, 2, 6, 10),
(4810, 6, 6, 6),
(4811, 3, 5, 1),
(4812, 4, 7, 10),
(4813, 8, 9, 6),
(4814, 5, 9, 9),
(4815, 8, 9, 3),
(4816, 9, 10, 1),
(4817, 1, 2, 3),
(4818, 5, 6, 7),
(4819, 6, 4, 6),
(4820, 1, 5, 9),
(4821, 2, 2, 4),
(4822, 1, 9, 4),
(4823, 9, 9, 4),
(4824, 6, 4, 2),
(4825, 2, 4, 8),
(4826, 3, 10, 4),
(4827, 1, 9, 4),
(4828, 10, 7, 2),
(4829, 1, 10, 1),
(4830, 10, 7, 3),
(4831, 10, 6, 10),
(4832, 7, 4, 4),
(4833, 10, 6, 1),
(4834, 2, 7, 1),
(4835, 3, 7, 8),
(4836, 1, 6, 3),
(4837, 4, 6, 7),
(4838, 6, 1, 9),
(4839, 8, 8, 5),
(4840, 8, 2, 4),
(4841, 4, 4, 10),
(4842, 10, 2, 4),
(4843, 10, 1, 6),
(4844, 2, 9, 2),
(4845, 8, 2, 2),
(4846, 9, 10, 5),
(4847, 5, 1, 4),
(4848, 10, 6, 3),
(4849, 1, 8, 7),
(4850, 9, 1, 5),
(4851, 4, 9, 4),
(4852, 6, 2, 4),
(4853, 5, 2, 8),
(4854, 6, 5, 1),
(4855, 5, 8, 4),
(4856, 6, 8, 4),
(4857, 1, 6, 6),
(4858, 10, 2, 10),
(4859, 7, 4, 7),
(4860, 10, 8, 8),
(4861, 10, 7, 3),
(4862, 7, 4, 5),
(4863, 10, 4, 1),
(4864, 3, 2, 1),
(4865, 9, 9, 7),
(4866, 3, 10, 3),
(4867, 1, 7, 5),
(4868, 9, 1, 8),
(4869, 9, 4, 10),
(4870, 6, 5, 5),
(4871, 2, 7, 3),
(4872, 10, 9, 5),
(4873, 10, 5, 10),
(4874, 5, 6, 7),
(4875, 2, 5, 4),
(4876, 5, 2, 6),
(4877, 7, 2, 4),
(4878, 7, 4, 4),
(4879, 5, 3, 4),
(4880, 8, 3, 1),
(4881, 9, 8, 4),
(4882, 10, 2, 8),
(4883, 6, 7, 6),
(4884, 8, 6, 4),
(4885, 9, 1, 4),
(4886, 5, 6, 8),
(4887, 9, 9, 10),
(4888, 10, 6, 4),
(4889, 8, 4, 6),
(4890, 7, 7, 5),
(4891, 5, 8, 6),
(4892, 8, 4, 9),
(4893, 8, 3, 2),
(4894, 6, 4, 6),
(4895, 3, 4, 9),
(4896, 9, 5, 5),
(4897, 6, 9, 1),
(4898, 8, 9, 10),
(4899, 3, 8, 6),
(4900, 5, 2, 4),
(4901, 2, 9, 7),
(4902, 5, 3, 3),
(4903, 8, 7, 4),
(4904, 8, 10, 9),
(4905, 10, 6, 9),
(4906, 5, 2, 9),
(4907, 1, 8, 5),
(4908, 1, 3, 1),
(4909, 5, 3, 7),
(4910, 10, 6, 5),
(4911, 5, 1, 4),
(4912, 7, 9, 10),
(4913, 10, 5, 8),
(4914, 6, 6, 4),
(4915, 3, 7, 8),
(4916, 6, 3, 6),
(4917, 9, 5, 2),
(4918, 6, 3, 2),
(4919, 1, 3, 5),
(4920, 8, 6, 5),
(4921, 4, 4, 8),
(4922, 1, 10, 7),
(4923, 9, 1, 10),
(4924, 7, 6, 3),
(4925, 2, 3, 7),
(4926, 2, 9, 1),
(4927, 1, 8, 5),
(4928, 9, 6, 2),
(4929, 4, 2, 5),
(4930, 1, 7, 5),
(4931, 8, 2, 3),
(4932, 9, 7, 3),
(4933, 5, 7, 10),
(4934, 1, 8, 8),
(4935, 2, 3, 9),
(4936, 6, 9, 7),
(4937, 1, 3, 9),
(4938, 10, 5, 1),
(4939, 1, 9, 3),
(4940, 5, 7, 2),
(4941, 2, 3, 3),
(4942, 5, 9, 9),
(4943, 9, 4, 7),
(4944, 10, 1, 4),
(4945, 2, 5, 7),
(4946, 9, 5, 9),
(4947, 6, 3, 4),
(4948, 8, 10, 6),
(4949, 5, 3, 9),
(4950, 1, 7, 8),
(4951, 9, 1, 3),
(4952, 3, 5, 1),
(4953, 7, 3, 6),
(4954, 7, 6, 6),
(4955, 4, 6, 5),
(4956, 8, 7, 9),
(4957, 2, 10, 5),
(4958, 4, 7, 8),
(4959, 2, 10, 3),
(4960, 9, 2, 9),
(4961, 5, 7, 4),
(4962, 4, 10, 3),
(4963, 3, 10, 7),
(4964, 8, 3, 2),
(4965, 9, 6, 9),
(4966, 4, 7, 7),
(4967, 3, 1, 9),
(4968, 8, 7, 3),
(4969, 4, 4, 2),
(4970, 8, 8, 7),
(4971, 6, 6, 6),
(4972, 2, 4, 7),
(4973, 3, 7, 6),
(4974, 9, 8, 7),
(4975, 2, 9, 5),
(4976, 1, 9, 7),
(4977, 7, 4, 7),
(4978, 8, 5, 5),
(4979, 6, 3, 5),
(4980, 1, 9, 9),
(4981, 1, 10, 7),
(4982, 2, 7, 2),
(4983, 8, 9, 3),
(4984, 7, 7, 6),
(4985, 7, 6, 8),
(4986, 6, 5, 1),
(4987, 9, 4, 9),
(4988, 6, 4, 7),
(4989, 4, 4, 1),
(4990, 3, 9, 1),
(4991, 3, 7, 9),
(4992, 4, 9, 8),
(4993, 10, 3, 5),
(4994, 6, 1, 3),
(4995, 7, 8, 5),
(4996, 2, 1, 7),
(4997, 10, 8, 3),
(4998, 9, 5, 4),
(4999, 10, 1, 2),
(5000, 8, 2, 5),
(5001, 4, 3, 4),
(5002, 5, 10, 10),
(5003, 2, 3, 5),
(5004, 3, 1, 3),
(5005, 6, 1, 4),
(5006, 7, 9, 9),
(5007, 8, 5, 2),
(5008, 3, 4, 8),
(5009, 10, 1, 8),
(5010, 10, 10, 8),
(5011, 1, 7, 9),
(5012, 10, 9, 3),
(5013, 10, 9, 7),
(5014, 4, 9, 9),
(5015, 4, 4, 8),
(5016, 9, 5, 8),
(5017, 1, 9, 2),
(5018, 1, 1, 9),
(5019, 3, 4, 8),
(5020, 1, 10, 7),
(5021, 9, 8, 5),
(5022, 6, 4, 3),
(5023, 5, 5, 9),
(5024, 7, 6, 10),
(5025, 9, 6, 8),
(5026, 1, 1, 8),
(5027, 8, 10, 5),
(5028, 3, 9, 9),
(5029, 5, 9, 1),
(5030, 4, 6, 4),
(5031, 2, 1, 1),
(5032, 7, 2, 8),
(5033, 9, 7, 10),
(5034, 6, 8, 4),
(5035, 3, 7, 1),
(5036, 3, 2, 10),
(5037, 8, 8, 1),
(5038, 6, 5, 9),
(5039, 7, 1, 8),
(5040, 3, 9, 6),
(5041, 10, 2, 4),
(5042, 3, 6, 10),
(5043, 5, 10, 10),
(5044, 4, 10, 1),
(5045, 9, 10, 4),
(5046, 2, 3, 3),
(5047, 3, 1, 1),
(5048, 6, 10, 9),
(5049, 5, 10, 9),
(5050, 10, 1, 10),
(5051, 4, 4, 10),
(5052, 7, 2, 9),
(5053, 3, 5, 6),
(5054, 2, 7, 9),
(5055, 1, 10, 2),
(5056, 1, 7, 9),
(5057, 9, 2, 4),
(5058, 1, 10, 3),
(5059, 2, 4, 3),
(5060, 2, 5, 1),
(5061, 9, 3, 2),
(5062, 2, 4, 5),
(5063, 5, 10, 1),
(5064, 4, 9, 7),
(5065, 5, 2, 8),
(5066, 7, 3, 3),
(5067, 4, 8, 7),
(5068, 7, 9, 1),
(5069, 2, 5, 2),
(5070, 2, 1, 10),
(5071, 10, 4, 1),
(5072, 10, 1, 6),
(5073, 2, 8, 4),
(5074, 4, 6, 1),
(5075, 2, 4, 9),
(5076, 9, 1, 3),
(5077, 9, 2, 1),
(5078, 2, 8, 4),
(5079, 1, 3, 5),
(5080, 7, 3, 5),
(5081, 7, 3, 3),
(5082, 4, 3, 9),
(5083, 3, 5, 7),
(5084, 5, 9, 2),
(5085, 3, 4, 1),
(5086, 2, 8, 7),
(5087, 7, 10, 2),
(5088, 4, 9, 9),
(5089, 4, 8, 7),
(5090, 8, 7, 1),
(5091, 8, 1, 9),
(5092, 9, 4, 6),
(5093, 7, 8, 3),
(5094, 10, 1, 9),
(5095, 3, 1, 2),
(5096, 1, 6, 3),
(5097, 2, 4, 10),
(5098, 8, 1, 9),
(5099, 8, 7, 1),
(5100, 10, 1, 4),
(5101, 2, 2, 3),
(5102, 10, 2, 9),
(5103, 7, 3, 4),
(5104, 4, 10, 1),
(5105, 10, 10, 10),
(5106, 2, 1, 2),
(5107, 7, 4, 8),
(5108, 3, 1, 6),
(5109, 1, 8, 8),
(5110, 8, 10, 7),
(5111, 6, 5, 4),
(5112, 2, 8, 2),
(5113, 2, 3, 1),
(5114, 3, 8, 8),
(5115, 7, 3, 9),
(5116, 10, 5, 7),
(5117, 7, 6, 8),
(5118, 4, 6, 3),
(5119, 6, 10, 1),
(5120, 5, 2, 4),
(5121, 8, 6, 10),
(5122, 5, 7, 9),
(5123, 2, 10, 9),
(5124, 4, 6, 7),
(5125, 4, 8, 9),
(5126, 3, 2, 7),
(5127, 7, 6, 5),
(5128, 2, 2, 7),
(5129, 8, 5, 3),
(5130, 4, 1, 9),
(5131, 7, 10, 8),
(5132, 1, 8, 10),
(5133, 1, 2, 6),
(5134, 7, 9, 1),
(5135, 3, 3, 8),
(5136, 3, 2, 1),
(5137, 6, 10, 4),
(5138, 1, 7, 3),
(5139, 9, 1, 7),
(5140, 9, 4, 4),
(5141, 10, 2, 3),
(5142, 4, 7, 7),
(5143, 5, 2, 1),
(5144, 2, 9, 9),
(5145, 3, 1, 3),
(5146, 9, 3, 1),
(5147, 7, 10, 4),
(5148, 6, 9, 10),
(5149, 10, 5, 2),
(5150, 2, 6, 5),
(5151, 3, 7, 6),
(5152, 7, 3, 9),
(5153, 10, 7, 6),
(5154, 3, 7, 4),
(5155, 3, 7, 10),
(5156, 1, 6, 8),
(5157, 3, 6, 10),
(5158, 10, 2, 3),
(5159, 1, 6, 5),
(5160, 3, 3, 3),
(5161, 8, 2, 4),
(5162, 9, 8, 10),
(5163, 2, 1, 6),
(5164, 1, 7, 5),
(5165, 3, 5, 9),
(5166, 1, 3, 10),
(5167, 10, 3, 7),
(5168, 3, 6, 9),
(5169, 9, 10, 5),
(5170, 7, 10, 8),
(5171, 3, 9, 1),
(5172, 9, 10, 7),
(5173, 4, 4, 5),
(5174, 9, 2, 6),
(5175, 7, 6, 3),
(5176, 1, 5, 7),
(5177, 4, 4, 2),
(5178, 5, 7, 3),
(5179, 9, 4, 2),
(5180, 7, 4, 8),
(5181, 8, 6, 5),
(5182, 5, 9, 7),
(5183, 5, 8, 7),
(5184, 3, 5, 3),
(5185, 6, 9, 3),
(5186, 7, 1, 2),
(5187, 6, 9, 3),
(5188, 9, 9, 3),
(5189, 4, 5, 4),
(5190, 2, 4, 5),
(5191, 6, 4, 7),
(5192, 4, 2, 6),
(5193, 2, 4, 9),
(5194, 6, 6, 6),
(5195, 9, 7, 4),
(5196, 5, 10, 4),
(5197, 6, 1, 4),
(5198, 10, 9, 9),
(5199, 7, 10, 8),
(5200, 3, 7, 3),
(5201, 5, 7, 4),
(5202, 2, 6, 6),
(5203, 10, 3, 10),
(5204, 4, 8, 4),
(5205, 5, 8, 10),
(5206, 9, 1, 7),
(5207, 5, 2, 7),
(5208, 9, 1, 4),
(5209, 2, 9, 9),
(5210, 8, 8, 7),
(5211, 10, 2, 3),
(5212, 6, 8, 9),
(5213, 7, 6, 3),
(5214, 7, 1, 6),
(5215, 1, 4, 3),
(5216, 6, 6, 1),
(5217, 5, 3, 2),
(5218, 1, 3, 9),
(5219, 3, 9, 7),
(5220, 1, 3, 8),
(5221, 5, 9, 6),
(5222, 1, 9, 2),
(5223, 1, 6, 8),
(5224, 6, 5, 9),
(5225, 5, 5, 9),
(5226, 5, 10, 10),
(5227, 8, 1, 9),
(5228, 6, 8, 4),
(5229, 10, 8, 8),
(5230, 4, 1, 1),
(5231, 1, 10, 1),
(5232, 8, 3, 3),
(5233, 5, 7, 10),
(5234, 10, 2, 9),
(5235, 1, 9, 1),
(5236, 9, 3, 7),
(5237, 6, 5, 2),
(5238, 6, 9, 5),
(5239, 4, 9, 7),
(5240, 3, 4, 7),
(5241, 8, 5, 6),
(5242, 9, 1, 10),
(5243, 8, 5, 1),
(5244, 7, 2, 10),
(5245, 3, 1, 4),
(5246, 3, 1, 8),
(5247, 5, 5, 1),
(5248, 9, 6, 3),
(5249, 5, 10, 10),
(5250, 10, 8, 2),
(5251, 9, 1, 8),
(5252, 9, 9, 7),
(5253, 10, 10, 2),
(5254, 1, 3, 9),
(5255, 6, 10, 9),
(5256, 6, 7, 7),
(5257, 2, 10, 7),
(5258, 7, 2, 7),
(5259, 2, 6, 9),
(5260, 5, 8, 10),
(5261, 9, 1, 2),
(5262, 2, 10, 1),
(5263, 4, 5, 5),
(5264, 3, 1, 9),
(5265, 1, 7, 10),
(5266, 3, 7, 5),
(5267, 9, 7, 6),
(5268, 3, 9, 7),
(5269, 5, 1, 3),
(5270, 4, 2, 9),
(5271, 10, 6, 9),
(5272, 9, 3, 7),
(5273, 9, 9, 7),
(5274, 2, 9, 10),
(5275, 3, 10, 1),
(5276, 9, 10, 1),
(5277, 2, 5, 7),
(5278, 4, 5, 1),
(5279, 2, 8, 2),
(5280, 5, 9, 10),
(5281, 3, 5, 1),
(5282, 10, 1, 9),
(5283, 1, 7, 8),
(5284, 3, 5, 10),
(5285, 6, 2, 8),
(5286, 9, 9, 8),
(5287, 4, 9, 6),
(5288, 7, 2, 4),
(5289, 4, 5, 9),
(5290, 3, 3, 10),
(5291, 4, 3, 1),
(5292, 7, 1, 1),
(5293, 3, 4, 4),
(5294, 7, 7, 10),
(5295, 8, 4, 7),
(5296, 10, 4, 2),
(5297, 2, 5, 9),
(5298, 9, 7, 5),
(5299, 3, 7, 1),
(5300, 5, 6, 5),
(5301, 6, 4, 9),
(5302, 6, 4, 9),
(5303, 1, 9, 5),
(5304, 1, 6, 5),
(5305, 4, 6, 2),
(5306, 1, 10, 8),
(5307, 2, 1, 6),
(5308, 10, 7, 4),
(5309, 7, 9, 1),
(5310, 2, 3, 2),
(5311, 7, 4, 7),
(5312, 6, 5, 1),
(5313, 4, 1, 5),
(5314, 6, 4, 5),
(5315, 7, 1, 10),
(5316, 10, 9, 7),
(5317, 7, 3, 7),
(5318, 1, 7, 10),
(5319, 9, 10, 4),
(5320, 9, 1, 6),
(5321, 1, 1, 9),
(5322, 6, 10, 7),
(5323, 3, 7, 9),
(5324, 3, 4, 7),
(5325, 5, 3, 2),
(5326, 8, 8, 3),
(5327, 7, 1, 3),
(5328, 2, 5, 10),
(5329, 1, 8, 4),
(5330, 4, 8, 9),
(5331, 7, 6, 8),
(5332, 6, 8, 3),
(5333, 9, 10, 8),
(5334, 7, 6, 1),
(5335, 3, 7, 6),
(5336, 7, 2, 7),
(5337, 8, 1, 9),
(5338, 7, 3, 5),
(5339, 7, 8, 5),
(5340, 3, 10, 3),
(5341, 6, 10, 1),
(5342, 2, 7, 6),
(5343, 3, 6, 6),
(5344, 8, 1, 4),
(5345, 2, 4, 5),
(5346, 1, 2, 7),
(5347, 6, 8, 1),
(5348, 6, 9, 7),
(5349, 5, 8, 10),
(5350, 7, 2, 6),
(5351, 7, 8, 5),
(5352, 8, 3, 7),
(5353, 10, 3, 4),
(5354, 1, 6, 7),
(5355, 6, 1, 4),
(5356, 1, 1, 7),
(5357, 8, 2, 9),
(5358, 9, 7, 9),
(5359, 7, 9, 10),
(5360, 8, 10, 6),
(5361, 7, 8, 1),
(5362, 8, 8, 10),
(5363, 9, 4, 5),
(5364, 5, 2, 8),
(5365, 6, 10, 7),
(5366, 1, 8, 4),
(5367, 3, 9, 4),
(5368, 7, 2, 4),
(5369, 2, 9, 10),
(5370, 1, 7, 6),
(5371, 5, 10, 2),
(5372, 7, 10, 3),
(5373, 1, 6, 1),
(5374, 7, 7, 4),
(5375, 8, 4, 7),
(5376, 3, 9, 7),
(5377, 2, 8, 6),
(5378, 3, 5, 10),
(5379, 6, 5, 10),
(5380, 2, 6, 5),
(5381, 4, 8, 8),
(5382, 6, 3, 4),
(5383, 8, 1, 8),
(5384, 8, 8, 10),
(5385, 4, 5, 3),
(5386, 9, 6, 10),
(5387, 6, 5, 2),
(5388, 9, 7, 2),
(5389, 10, 3, 1),
(5390, 5, 4, 9),
(5391, 8, 5, 6),
(5392, 1, 1, 3),
(5393, 6, 5, 3),
(5394, 1, 4, 6),
(5395, 1, 8, 3),
(5396, 8, 5, 3),
(5397, 2, 3, 5),
(5398, 9, 7, 7),
(5399, 1, 4, 9),
(5400, 8, 3, 2),
(5401, 1, 1, 2),
(5402, 5, 8, 5),
(5403, 7, 9, 4),
(5404, 6, 8, 4),
(5405, 8, 2, 5),
(5406, 6, 3, 10),
(5407, 8, 5, 5),
(5408, 9, 5, 1),
(5409, 10, 5, 3),
(5410, 7, 3, 1),
(5411, 5, 10, 4),
(5412, 7, 5, 4),
(5413, 5, 4, 2),
(5414, 10, 5, 9),
(5415, 9, 1, 8),
(5416, 8, 5, 7),
(5417, 7, 8, 9),
(5418, 5, 6, 3),
(5419, 2, 10, 8),
(5420, 4, 10, 4),
(5421, 4, 8, 5),
(5422, 3, 1, 4),
(5423, 1, 7, 9),
(5424, 4, 5, 8),
(5425, 1, 3, 5),
(5426, 6, 9, 9),
(5427, 8, 9, 8),
(5428, 5, 7, 4),
(5429, 4, 9, 9),
(5430, 9, 8, 1),
(5431, 9, 6, 6),
(5432, 9, 6, 6),
(5433, 3, 10, 8),
(5434, 4, 8, 5),
(5435, 5, 5, 3),
(5436, 4, 6, 10),
(5437, 9, 4, 1),
(5438, 7, 10, 7),
(5439, 6, 6, 6),
(5440, 7, 3, 6),
(5441, 1, 2, 8),
(5442, 7, 7, 3),
(5443, 3, 6, 4),
(5444, 7, 8, 2),
(5445, 8, 4, 4),
(5446, 3, 5, 3),
(5447, 9, 4, 3),
(5448, 6, 7, 1),
(5449, 10, 1, 5),
(5450, 4, 10, 4),
(5451, 6, 9, 6),
(5452, 3, 6, 6),
(5453, 7, 8, 6),
(5454, 3, 4, 5),
(5455, 2, 5, 6),
(5456, 4, 1, 10),
(5457, 3, 5, 4),
(5458, 1, 5, 5),
(5459, 2, 3, 1),
(5460, 6, 6, 1),
(5461, 5, 6, 7),
(5462, 8, 4, 5),
(5463, 7, 1, 1),
(5464, 10, 4, 4),
(5465, 8, 6, 5),
(5466, 3, 8, 8),
(5467, 5, 3, 3),
(5468, 8, 7, 1),
(5469, 4, 9, 6),
(5470, 2, 9, 3),
(5471, 6, 2, 9),
(5472, 6, 4, 2),
(5473, 3, 2, 8),
(5474, 9, 10, 9),
(5475, 5, 3, 9),
(5476, 3, 9, 6),
(5477, 4, 6, 2),
(5478, 2, 9, 10),
(5479, 1, 4, 4),
(5480, 3, 5, 7),
(5481, 3, 10, 10),
(5482, 3, 5, 6),
(5483, 7, 3, 10),
(5484, 7, 5, 6),
(5485, 10, 3, 2),
(5486, 2, 7, 10),
(5487, 2, 2, 2),
(5488, 10, 3, 9),
(5489, 8, 1, 8),
(5490, 2, 5, 1),
(5491, 8, 5, 2),
(5492, 1, 6, 7),
(5493, 10, 4, 9),
(5494, 5, 8, 4),
(5495, 5, 10, 4),
(5496, 6, 7, 5),
(5497, 1, 2, 8),
(5498, 1, 9, 1),
(5499, 7, 5, 5),
(5500, 6, 7, 2),
(5501, 10, 4, 2),
(5502, 2, 8, 3),
(5503, 10, 1, 6),
(5504, 5, 3, 2),
(5505, 3, 9, 1),
(5506, 1, 7, 6),
(5507, 1, 3, 5),
(5508, 5, 8, 10),
(5509, 6, 9, 3),
(5510, 1, 1, 6),
(5511, 3, 1, 7),
(5512, 8, 2, 1),
(5513, 9, 5, 10),
(5514, 3, 3, 5),
(5515, 5, 9, 8),
(5516, 2, 7, 9),
(5517, 9, 8, 10),
(5518, 1, 4, 4),
(5519, 6, 6, 10),
(5520, 9, 2, 10),
(5521, 9, 6, 3),
(5522, 10, 4, 2),
(5523, 1, 1, 3),
(5524, 5, 10, 2),
(5525, 6, 8, 6),
(5526, 9, 8, 5),
(5527, 8, 1, 1),
(5528, 1, 9, 4),
(5529, 2, 4, 2),
(5530, 8, 9, 9),
(5531, 5, 1, 8),
(5532, 10, 7, 6),
(5533, 10, 4, 2),
(5534, 9, 5, 4),
(5535, 5, 5, 6),
(5536, 4, 7, 5),
(5537, 1, 7, 4),
(5538, 4, 6, 10),
(5539, 1, 8, 1),
(5540, 8, 10, 9),
(5541, 5, 10, 1),
(5542, 3, 9, 7),
(5543, 1, 8, 6),
(5544, 1, 2, 8),
(5545, 9, 7, 2),
(5546, 4, 6, 5),
(5547, 5, 9, 1),
(5548, 1, 8, 2),
(5549, 9, 4, 5),
(5550, 8, 7, 7),
(5551, 8, 9, 8),
(5552, 4, 3, 6),
(5553, 8, 7, 8),
(5554, 3, 2, 2),
(5555, 4, 10, 10),
(5556, 9, 4, 4),
(5557, 2, 10, 6),
(5558, 2, 9, 5),
(5559, 8, 6, 5),
(5560, 4, 2, 4),
(5561, 3, 8, 4),
(5562, 4, 10, 4),
(5563, 7, 8, 6),
(5564, 5, 4, 7),
(5565, 6, 3, 3),
(5566, 2, 1, 1),
(5567, 7, 6, 1),
(5568, 8, 2, 2),
(5569, 4, 1, 1),
(5570, 3, 6, 9),
(5571, 6, 1, 4),
(5572, 9, 9, 5),
(5573, 9, 7, 9),
(5574, 5, 6, 7),
(5575, 1, 7, 6),
(5576, 2, 2, 1),
(5577, 8, 5, 5),
(5578, 9, 2, 8),
(5579, 9, 7, 3),
(5580, 1, 7, 10),
(5581, 9, 3, 4),
(5582, 9, 5, 1),
(5583, 6, 9, 6),
(5584, 8, 7, 2),
(5585, 5, 4, 6),
(5586, 4, 3, 10),
(5587, 5, 3, 5),
(5588, 5, 2, 3),
(5589, 10, 6, 8),
(5590, 5, 5, 7),
(5591, 7, 1, 8),
(5592, 6, 5, 6),
(5593, 2, 2, 7),
(5594, 3, 7, 7),
(5595, 8, 8, 7),
(5596, 9, 6, 5),
(5597, 8, 7, 3),
(5598, 5, 5, 5),
(5599, 6, 10, 8),
(5600, 4, 1, 8),
(5601, 6, 9, 7),
(5602, 9, 6, 8),
(5603, 10, 5, 8),
(5604, 4, 2, 7),
(5605, 8, 9, 9),
(5606, 7, 2, 1),
(5607, 8, 8, 2),
(5608, 1, 10, 7),
(5609, 8, 9, 4),
(5610, 5, 10, 9),
(5611, 5, 3, 9),
(5612, 3, 9, 6),
(5613, 6, 8, 9),
(5614, 6, 9, 10),
(5615, 4, 1, 5),
(5616, 6, 3, 3),
(5617, 3, 7, 10),
(5618, 2, 4, 8),
(5619, 6, 7, 2),
(5620, 8, 4, 10),
(5621, 10, 9, 5),
(5622, 6, 4, 9),
(5623, 7, 8, 5),
(5624, 10, 8, 1),
(5625, 1, 8, 8),
(5626, 5, 10, 1),
(5627, 5, 2, 6),
(5628, 8, 6, 4),
(5629, 1, 4, 5),
(5630, 5, 1, 8),
(5631, 9, 7, 3),
(5632, 9, 5, 10),
(5633, 9, 4, 3),
(5634, 5, 9, 4),
(5635, 4, 4, 7),
(5636, 10, 7, 8),
(5637, 9, 4, 7),
(5638, 5, 5, 1),
(5639, 1, 7, 2),
(5640, 9, 3, 10),
(5641, 2, 10, 2),
(5642, 4, 3, 1),
(5643, 9, 10, 7),
(5644, 2, 8, 2),
(5645, 9, 4, 4),
(5646, 7, 2, 2),
(5647, 9, 1, 4),
(5648, 7, 3, 3),
(5649, 3, 2, 9),
(5650, 3, 1, 2),
(5651, 9, 3, 4),
(5652, 2, 9, 7),
(5653, 10, 9, 2),
(5654, 4, 1, 9),
(5655, 10, 7, 8),
(5656, 6, 6, 4),
(5657, 3, 9, 1),
(5658, 8, 7, 5),
(5659, 5, 9, 8),
(5660, 5, 2, 2),
(5661, 9, 2, 7),
(5662, 10, 3, 4),
(5663, 8, 9, 10),
(5664, 8, 5, 2),
(5665, 8, 4, 3),
(5666, 10, 2, 6),
(5667, 6, 8, 8),
(5668, 9, 2, 8),
(5669, 3, 4, 3),
(5670, 3, 2, 7),
(5671, 5, 9, 3),
(5672, 10, 7, 4),
(5673, 2, 7, 8),
(5674, 7, 7, 1),
(5675, 6, 3, 6),
(5676, 4, 3, 2),
(5677, 3, 4, 6),
(5678, 8, 2, 10),
(5679, 2, 6, 8),
(5680, 3, 4, 3),
(5681, 9, 1, 3),
(5682, 1, 4, 4),
(5683, 4, 10, 6),
(5684, 2, 5, 7),
(5685, 5, 7, 2),
(5686, 4, 6, 1),
(5687, 6, 1, 8),
(5688, 1, 5, 5),
(5689, 3, 3, 8),
(5690, 1, 5, 4),
(5691, 3, 9, 9),
(5692, 7, 4, 9),
(5693, 10, 10, 8),
(5694, 10, 2, 7),
(5695, 4, 5, 4),
(5696, 3, 3, 6),
(5697, 4, 9, 9),
(5698, 1, 5, 3),
(5699, 9, 1, 1),
(5700, 3, 7, 8),
(5701, 8, 8, 5),
(5702, 8, 7, 5),
(5703, 4, 7, 4),
(5704, 7, 4, 2),
(5705, 6, 10, 2),
(5706, 8, 3, 5),
(5707, 1, 2, 6),
(5708, 4, 10, 1),
(5709, 4, 10, 9),
(5710, 3, 2, 3),
(5711, 5, 7, 4),
(5712, 9, 4, 4),
(5713, 6, 8, 8),
(5714, 5, 1, 5),
(5715, 7, 2, 1),
(5716, 1, 3, 1),
(5717, 3, 2, 2),
(5718, 8, 6, 5),
(5719, 7, 3, 3),
(5720, 6, 3, 3),
(5721, 6, 2, 6),
(5722, 2, 9, 2),
(5723, 9, 5, 2),
(5724, 10, 10, 9),
(5725, 1, 4, 1),
(5726, 5, 2, 1),
(5727, 3, 8, 5),
(5728, 2, 5, 7),
(5729, 3, 7, 6),
(5730, 2, 6, 10),
(5731, 10, 2, 4),
(5732, 5, 6, 4),
(5733, 5, 1, 6),
(5734, 5, 3, 1),
(5735, 10, 1, 4),
(5736, 1, 9, 6),
(5737, 10, 10, 1),
(5738, 3, 4, 7),
(5739, 6, 6, 3),
(5740, 2, 2, 1),
(5741, 9, 10, 6),
(5742, 3, 5, 2),
(5743, 2, 3, 9),
(5744, 8, 9, 7),
(5745, 3, 2, 7),
(5746, 5, 6, 1),
(5747, 10, 4, 4),
(5748, 9, 4, 8),
(5749, 2, 10, 10),
(5750, 1, 2, 1),
(5751, 7, 3, 1),
(5752, 4, 7, 7),
(5753, 3, 2, 2),
(5754, 3, 3, 5),
(5755, 10, 6, 5),
(5756, 5, 5, 2),
(5757, 1, 3, 10),
(5758, 6, 10, 3),
(5759, 4, 8, 6),
(5760, 2, 6, 2),
(5761, 3, 5, 2),
(5762, 6, 7, 6),
(5763, 9, 9, 7),
(5764, 5, 9, 5),
(5765, 4, 6, 4),
(5766, 10, 5, 2),
(5767, 8, 7, 4),
(5768, 8, 2, 3),
(5769, 6, 9, 5),
(5770, 10, 10, 1),
(5771, 5, 8, 9),
(5772, 10, 4, 7),
(5773, 4, 4, 7),
(5774, 6, 4, 9),
(5775, 5, 5, 7),
(5776, 6, 7, 8),
(5777, 3, 1, 4),
(5778, 8, 9, 10),
(5779, 5, 5, 4),
(5780, 4, 4, 3),
(5781, 2, 1, 2),
(5782, 3, 5, 3),
(5783, 7, 2, 6),
(5784, 3, 4, 9),
(5785, 7, 10, 6),
(5786, 5, 2, 1),
(5787, 6, 3, 1),
(5788, 8, 9, 3),
(5789, 1, 10, 7),
(5790, 4, 5, 8),
(5791, 10, 4, 9),
(5792, 1, 10, 1),
(5793, 5, 2, 9),
(5794, 4, 2, 3),
(5795, 4, 4, 2),
(5796, 5, 1, 5),
(5797, 8, 9, 7),
(5798, 8, 6, 10),
(5799, 1, 2, 2),
(5800, 7, 6, 5),
(5801, 7, 4, 6),
(5802, 10, 5, 10),
(5803, 10, 4, 1),
(5804, 8, 3, 3),
(5805, 9, 9, 10),
(5806, 9, 3, 8),
(5807, 4, 10, 9),
(5808, 10, 10, 6),
(5809, 5, 6, 7),
(5810, 4, 4, 4),
(5811, 1, 8, 7),
(5812, 4, 1, 10),
(5813, 6, 10, 7),
(5814, 2, 6, 3),
(5815, 10, 7, 10),
(5816, 1, 10, 5),
(5817, 1, 10, 9),
(5818, 6, 3, 3),
(5819, 10, 6, 3),
(5820, 8, 1, 5),
(5821, 6, 4, 10),
(5822, 6, 3, 4),
(5823, 2, 9, 4),
(5824, 8, 4, 6),
(5825, 2, 1, 10),
(5826, 8, 5, 1),
(5827, 5, 6, 10),
(5828, 4, 1, 3),
(5829, 10, 5, 2),
(5830, 1, 4, 3),
(5831, 8, 1, 1),
(5832, 4, 4, 2),
(5833, 9, 6, 6),
(5834, 1, 7, 5),
(5835, 7, 4, 3),
(5836, 5, 9, 9),
(5837, 2, 2, 3),
(5838, 3, 3, 4),
(5839, 3, 2, 4),
(5840, 3, 6, 3),
(5841, 4, 3, 10),
(5842, 2, 7, 8),
(5843, 3, 1, 2),
(5844, 2, 1, 1),
(5845, 2, 1, 5),
(5846, 10, 9, 3),
(5847, 5, 1, 5),
(5848, 3, 2, 3),
(5849, 6, 10, 4),
(5850, 2, 9, 7),
(5851, 6, 6, 2),
(5852, 8, 9, 8),
(5853, 9, 2, 10),
(5854, 2, 9, 6),
(5855, 1, 6, 8),
(5856, 7, 4, 6),
(5857, 1, 10, 8),
(5858, 2, 1, 1),
(5859, 2, 7, 6),
(5860, 8, 6, 10),
(5861, 8, 1, 10),
(5862, 3, 6, 4),
(5863, 4, 8, 8),
(5864, 4, 8, 7),
(5865, 2, 7, 3),
(5866, 10, 3, 5),
(5867, 7, 7, 10),
(5868, 5, 7, 2),
(5869, 9, 9, 10),
(5870, 6, 7, 4),
(5871, 8, 4, 3),
(5872, 10, 8, 1),
(5873, 5, 2, 1),
(5874, 3, 8, 4),
(5875, 3, 2, 7),
(5876, 7, 8, 7),
(5877, 7, 8, 5),
(5878, 10, 1, 1),
(5879, 5, 5, 5),
(5880, 8, 3, 2),
(5881, 4, 2, 1),
(5882, 9, 3, 1),
(5883, 1, 9, 6),
(5884, 5, 1, 8),
(5885, 5, 3, 5),
(5886, 9, 3, 5),
(5887, 2, 8, 4),
(5888, 10, 8, 2),
(5889, 1, 5, 10),
(5890, 8, 5, 4),
(5891, 5, 6, 10),
(5892, 1, 3, 10),
(5893, 5, 8, 10),
(5894, 5, 8, 6),
(5895, 8, 7, 4),
(5896, 2, 7, 7),
(5897, 3, 9, 4),
(5898, 1, 4, 2),
(5899, 7, 2, 5),
(5900, 2, 1, 5),
(5901, 3, 7, 4),
(5902, 3, 7, 10),
(5903, 5, 1, 10),
(5904, 10, 10, 1),
(5905, 10, 10, 6),
(5906, 5, 8, 1),
(5907, 4, 5, 2),
(5908, 1, 6, 4),
(5909, 10, 3, 5),
(5910, 4, 7, 10),
(5911, 4, 7, 1),
(5912, 8, 6, 10),
(5913, 4, 2, 2),
(5914, 4, 3, 9),
(5915, 9, 1, 5),
(5916, 4, 3, 5),
(5917, 7, 2, 4),
(5918, 2, 5, 6),
(5919, 2, 6, 9),
(5920, 5, 4, 10),
(5921, 2, 5, 4),
(5922, 4, 5, 8),
(5923, 10, 9, 5),
(5924, 10, 9, 5),
(5925, 2, 2, 4),
(5926, 8, 6, 1),
(5927, 4, 9, 3),
(5928, 7, 3, 4),
(5929, 7, 7, 7),
(5930, 7, 3, 8),
(5931, 4, 2, 10),
(5932, 4, 3, 3),
(5933, 7, 5, 1),
(5934, 3, 1, 4),
(5935, 8, 3, 3),
(5936, 8, 1, 10),
(5937, 4, 4, 7),
(5938, 2, 2, 2),
(5939, 7, 6, 3),
(5940, 2, 8, 2),
(5941, 4, 5, 2),
(5942, 4, 9, 5),
(5943, 5, 2, 3),
(5944, 9, 3, 3),
(5945, 3, 4, 5),
(5946, 10, 9, 8),
(5947, 7, 9, 10),
(5948, 2, 4, 8),
(5949, 9, 1, 6),
(5950, 7, 5, 7),
(5951, 6, 5, 3),
(5952, 8, 8, 6),
(5953, 1, 10, 4),
(5954, 6, 5, 4),
(5955, 9, 7, 4),
(5956, 8, 9, 3),
(5957, 3, 10, 8),
(5958, 7, 8, 8),
(5959, 6, 8, 2),
(5960, 2, 5, 6),
(5961, 2, 8, 10),
(5962, 10, 9, 1),
(5963, 9, 3, 2),
(5964, 4, 2, 5),
(5965, 4, 7, 1),
(5966, 5, 6, 4),
(5967, 7, 10, 8),
(5968, 9, 7, 1),
(5969, 8, 7, 6),
(5970, 10, 8, 7),
(5971, 9, 1, 7),
(5972, 4, 9, 10),
(5973, 7, 4, 5),
(5974, 5, 10, 4),
(5975, 7, 5, 7),
(5976, 7, 4, 1),
(5977, 10, 2, 7),
(5978, 9, 8, 9),
(5979, 9, 5, 9),
(5980, 7, 10, 1),
(5981, 5, 2, 6),
(5982, 6, 8, 7),
(5983, 6, 2, 8),
(5984, 1, 4, 5),
(5985, 2, 1, 2),
(5986, 6, 9, 9),
(5987, 10, 5, 1),
(5988, 7, 10, 9),
(5989, 7, 10, 5),
(5990, 2, 9, 4),
(5991, 7, 4, 8),
(5992, 5, 2, 4),
(5993, 10, 10, 8),
(5994, 1, 3, 1),
(5995, 5, 4, 6),
(5996, 2, 7, 10),
(5997, 5, 7, 9),
(5998, 3, 5, 2),
(5999, 1, 9, 6),
(6000, 9, 5, 10),
(6001, 3, 8, 1),
(6002, 4, 9, 7),
(6003, 3, 2, 4),
(6004, 7, 6, 4),
(6005, 2, 6, 2),
(6006, 9, 3, 9),
(6007, 7, 3, 5),
(6008, 9, 8, 9),
(6009, 5, 3, 2),
(6010, 2, 5, 5),
(6011, 3, 9, 7),
(6012, 6, 9, 2),
(6013, 3, 4, 10),
(6014, 7, 5, 10),
(6015, 1, 10, 10),
(6016, 7, 3, 3),
(6017, 6, 6, 4),
(6018, 4, 10, 6),
(6019, 1, 1, 1),
(6020, 1, 6, 6),
(6021, 5, 8, 3),
(6022, 10, 6, 5),
(6023, 1, 6, 10),
(6024, 4, 6, 1),
(6025, 2, 3, 10),
(6026, 10, 9, 10),
(6027, 2, 7, 7),
(6028, 4, 9, 3),
(6029, 6, 2, 9),
(6030, 5, 2, 8),
(6031, 6, 8, 3),
(6032, 8, 2, 4),
(6033, 8, 4, 9),
(6034, 1, 7, 3),
(6035, 8, 3, 8),
(6036, 7, 8, 2),
(6037, 5, 2, 4),
(6038, 2, 8, 10),
(6039, 3, 8, 8),
(6040, 6, 4, 10),
(6041, 5, 4, 2),
(6042, 5, 2, 7),
(6043, 9, 3, 5),
(6044, 10, 1, 8),
(6045, 7, 10, 10),
(6046, 9, 3, 4),
(6047, 8, 1, 9),
(6048, 3, 1, 4),
(6049, 2, 1, 8),
(6050, 4, 4, 4),
(6051, 1, 3, 5),
(6052, 7, 1, 1),
(6053, 6, 8, 4),
(6054, 7, 3, 6),
(6055, 6, 10, 10),
(6056, 2, 8, 2),
(6057, 7, 1, 10),
(6058, 3, 8, 4),
(6059, 6, 3, 9),
(6060, 3, 10, 1),
(6061, 6, 6, 3),
(6062, 8, 10, 6),
(6063, 4, 3, 7),
(6064, 5, 3, 5),
(6065, 5, 8, 8),
(6066, 8, 6, 3),
(6067, 7, 3, 3),
(6068, 3, 9, 10),
(6069, 2, 10, 10),
(6070, 7, 2, 10),
(6071, 10, 1, 8),
(6072, 6, 1, 4),
(6073, 8, 8, 6),
(6074, 9, 2, 3),
(6075, 7, 1, 1),
(6076, 2, 6, 3),
(6077, 5, 8, 1),
(6078, 9, 4, 9),
(6079, 7, 10, 5),
(6080, 1, 9, 2),
(6081, 8, 8, 1),
(6082, 1, 8, 7),
(6083, 3, 3, 8),
(6084, 9, 1, 9),
(6085, 10, 7, 7),
(6086, 4, 6, 1),
(6087, 5, 8, 9),
(6088, 6, 10, 10),
(6089, 8, 5, 6),
(6090, 4, 5, 3),
(6091, 6, 1, 1),
(6092, 5, 7, 1),
(6093, 6, 2, 8),
(6094, 6, 8, 1),
(6095, 6, 5, 8),
(6096, 4, 1, 9),
(6097, 4, 4, 8),
(6098, 1, 2, 1),
(6099, 1, 4, 5),
(6100, 6, 4, 8),
(6101, 3, 3, 5),
(6102, 10, 8, 10),
(6103, 2, 5, 7),
(6104, 7, 2, 7),
(6105, 4, 3, 3),
(6106, 6, 4, 8),
(6107, 7, 4, 8),
(6108, 4, 4, 6),
(6109, 9, 6, 1),
(6110, 4, 5, 7),
(6111, 7, 9, 4),
(6112, 10, 3, 4),
(6113, 8, 2, 1),
(6114, 4, 4, 8),
(6115, 3, 9, 1),
(6116, 4, 1, 3),
(6117, 9, 5, 9),
(6118, 5, 5, 10),
(6119, 7, 2, 7),
(6120, 8, 4, 8),
(6121, 4, 10, 4),
(6122, 6, 9, 1),
(6123, 9, 4, 10),
(6124, 7, 1, 8),
(6125, 4, 8, 5),
(6126, 1, 2, 7),
(6127, 9, 7, 5),
(6128, 8, 2, 1),
(6129, 7, 1, 2),
(6130, 4, 8, 8),
(6131, 8, 2, 6),
(6132, 7, 4, 7),
(6133, 3, 8, 9),
(6134, 2, 1, 6),
(6135, 4, 10, 8),
(6136, 9, 5, 10),
(6137, 8, 5, 10),
(6138, 3, 5, 6),
(6139, 2, 5, 7),
(6140, 7, 8, 10),
(6141, 4, 6, 2),
(6142, 8, 8, 2),
(6143, 5, 7, 9),
(6144, 2, 7, 7),
(6145, 4, 1, 8),
(6146, 9, 10, 5),
(6147, 3, 8, 2),
(6148, 10, 2, 2),
(6149, 2, 10, 6),
(6150, 5, 6, 8),
(6151, 2, 2, 7),
(6152, 1, 1, 2),
(6153, 6, 6, 7),
(6154, 4, 7, 7),
(6155, 4, 8, 6),
(6156, 2, 1, 9),
(6157, 1, 9, 9),
(6158, 8, 8, 4),
(6159, 1, 8, 7),
(6160, 6, 10, 5),
(6161, 7, 3, 9),
(6162, 2, 5, 2),
(6163, 10, 3, 9),
(6164, 1, 2, 4),
(6165, 6, 3, 6),
(6166, 3, 3, 5),
(6167, 5, 8, 10),
(6168, 4, 4, 1),
(6169, 4, 3, 8),
(6170, 5, 2, 3),
(6171, 3, 10, 2),
(6172, 5, 2, 8),
(6173, 9, 10, 7),
(6174, 6, 1, 4),
(6175, 6, 6, 4),
(6176, 8, 9, 5),
(6177, 5, 6, 8),
(6178, 6, 5, 10),
(6179, 7, 3, 5),
(6180, 1, 2, 5),
(6181, 8, 8, 4),
(6182, 9, 6, 8),
(6183, 5, 6, 1),
(6184, 6, 9, 10),
(6185, 4, 1, 10),
(6186, 8, 3, 3),
(6187, 4, 8, 5),
(6188, 1, 10, 10),
(6189, 10, 2, 5),
(6190, 10, 7, 4),
(6191, 3, 6, 2),
(6192, 9, 4, 3),
(6193, 1, 2, 6),
(6194, 9, 8, 4),
(6195, 2, 10, 6),
(6196, 1, 9, 4),
(6197, 4, 7, 8),
(6198, 4, 7, 4),
(6199, 7, 8, 6),
(6200, 5, 10, 9),
(6201, 3, 2, 3),
(6202, 6, 2, 8),
(6203, 6, 6, 4),
(6204, 4, 6, 10),
(6205, 9, 9, 5),
(6206, 4, 10, 3),
(6207, 9, 8, 1),
(6208, 2, 7, 6),
(6209, 6, 8, 9),
(6210, 8, 4, 9),
(6211, 9, 5, 1),
(6212, 5, 9, 7),
(6213, 5, 1, 8),
(6214, 3, 10, 6),
(6215, 6, 7, 9),
(6216, 9, 5, 9),
(6217, 6, 9, 10),
(6218, 4, 8, 10),
(6219, 6, 4, 1),
(6220, 1, 10, 2),
(6221, 1, 5, 7),
(6222, 5, 4, 3),
(6223, 10, 10, 10),
(6224, 9, 2, 4),
(6225, 6, 10, 8),
(6226, 4, 2, 8),
(6227, 3, 7, 9),
(6228, 6, 6, 8),
(6229, 8, 4, 1),
(6230, 1, 2, 3),
(6231, 1, 8, 2),
(6232, 5, 2, 7),
(6233, 10, 7, 1),
(6234, 7, 6, 1),
(6235, 2, 5, 10),
(6236, 1, 1, 3),
(6237, 7, 10, 10),
(6238, 3, 8, 7),
(6239, 4, 6, 4),
(6240, 4, 6, 6),
(6241, 8, 10, 1),
(6242, 5, 6, 6),
(6243, 7, 1, 8),
(6244, 7, 3, 10),
(6245, 9, 8, 7),
(6246, 1, 5, 3),
(6247, 5, 5, 3),
(6248, 4, 3, 1),
(6249, 1, 2, 1),
(6250, 7, 4, 10),
(6251, 7, 10, 3),
(6252, 6, 3, 8),
(6253, 5, 2, 2),
(6254, 3, 7, 10),
(6255, 7, 2, 8),
(6256, 5, 1, 5),
(6257, 4, 2, 3),
(6258, 1, 4, 10),
(6259, 6, 2, 8),
(6260, 3, 4, 6),
(6261, 2, 10, 9),
(6262, 4, 5, 5),
(6263, 6, 8, 7),
(6264, 9, 6, 6),
(6265, 8, 10, 4),
(6266, 6, 4, 1),
(6267, 5, 7, 1),
(6268, 8, 8, 8),
(6269, 5, 2, 8),
(6270, 5, 2, 5),
(6271, 7, 10, 5),
(6272, 1, 8, 9),
(6273, 4, 10, 5),
(6274, 9, 8, 6),
(6275, 6, 3, 7),
(6276, 3, 9, 1),
(6277, 8, 3, 1),
(6278, 3, 4, 3),
(6279, 10, 8, 2),
(6280, 3, 9, 6),
(6281, 3, 2, 2),
(6282, 9, 5, 10),
(6283, 8, 2, 1),
(6284, 7, 10, 1),
(6285, 2, 4, 4),
(6286, 3, 10, 9),
(6287, 2, 5, 3),
(6288, 3, 8, 3),
(6289, 3, 6, 8),
(6290, 10, 6, 10),
(6291, 10, 6, 7),
(6292, 7, 6, 9),
(6293, 10, 7, 3),
(6294, 5, 4, 6),
(6295, 1, 3, 5),
(6296, 3, 4, 3),
(6297, 3, 3, 7),
(6298, 4, 2, 10),
(6299, 8, 4, 7),
(6300, 3, 1, 5),
(6301, 5, 4, 4),
(6302, 7, 4, 6),
(6303, 2, 9, 8),
(6304, 2, 3, 5),
(6305, 9, 3, 4),
(6306, 3, 7, 4),
(6307, 3, 3, 3),
(6308, 1, 5, 10),
(6309, 4, 7, 4),
(6310, 5, 5, 8),
(6311, 9, 9, 9),
(6312, 4, 1, 5),
(6313, 3, 10, 1),
(6314, 1, 1, 1),
(6315, 7, 2, 4),
(6316, 2, 6, 1),
(6317, 10, 10, 6),
(6318, 4, 2, 10),
(6319, 6, 7, 1),
(6320, 6, 1, 4),
(6321, 1, 2, 7),
(6322, 4, 6, 9),
(6323, 3, 6, 7),
(6324, 3, 9, 4),
(6325, 5, 4, 10),
(6326, 1, 5, 10),
(6327, 6, 8, 7),
(6328, 1, 2, 5),
(6329, 9, 8, 3),
(6330, 9, 5, 8),
(6331, 9, 7, 9),
(6332, 3, 3, 6),
(6333, 4, 5, 5),
(6334, 9, 4, 8),
(6335, 1, 8, 7),
(6336, 9, 2, 10),
(6337, 10, 4, 7),
(6338, 7, 8, 1),
(6339, 3, 4, 8),
(6340, 7, 9, 5),
(6341, 9, 8, 3),
(6342, 9, 9, 9),
(6343, 2, 8, 3),
(6344, 2, 8, 2),
(6345, 3, 2, 6),
(6346, 5, 2, 7),
(6347, 8, 10, 10),
(6348, 1, 1, 9),
(6349, 8, 10, 3),
(6350, 7, 9, 8),
(6351, 9, 2, 9),
(6352, 10, 2, 7),
(6353, 6, 8, 9),
(6354, 10, 1, 10),
(6355, 1, 5, 7),
(6356, 2, 3, 6),
(6357, 4, 7, 5),
(6358, 3, 8, 4),
(6359, 9, 2, 1),
(6360, 4, 10, 4),
(6361, 10, 7, 2),
(6362, 1, 8, 6),
(6363, 1, 1, 2),
(6364, 6, 6, 1),
(6365, 7, 3, 8),
(6366, 4, 1, 9),
(6367, 10, 1, 3),
(6368, 5, 8, 9),
(6369, 8, 7, 3),
(6370, 7, 2, 10),
(6371, 1, 5, 8),
(6372, 6, 1, 7),
(6373, 2, 3, 10),
(6374, 6, 10, 9),
(6375, 4, 6, 1),
(6376, 9, 8, 6),
(6377, 4, 2, 8),
(6378, 1, 8, 9),
(6379, 1, 6, 7),
(6380, 4, 10, 2),
(6381, 3, 3, 1),
(6382, 4, 7, 2),
(6383, 9, 4, 2),
(6384, 4, 10, 9),
(6385, 9, 1, 7),
(6386, 6, 4, 5),
(6387, 3, 5, 1),
(6388, 8, 3, 5),
(6389, 9, 7, 2),
(6390, 10, 7, 1),
(6391, 5, 10, 3),
(6392, 2, 7, 8),
(6393, 10, 4, 5),
(6394, 1, 10, 1),
(6395, 3, 6, 9),
(6396, 4, 6, 3),
(6397, 10, 5, 3),
(6398, 6, 10, 9),
(6399, 2, 4, 3),
(6400, 1, 10, 1),
(6401, 2, 2, 8),
(6402, 2, 4, 2),
(6403, 10, 4, 9),
(6404, 8, 10, 10),
(6405, 3, 5, 7),
(6406, 4, 3, 1),
(6407, 6, 4, 8),
(6408, 3, 7, 5),
(6409, 6, 7, 4),
(6410, 6, 10, 1),
(6411, 6, 5, 3),
(6412, 2, 3, 7),
(6413, 5, 4, 3),
(6414, 3, 2, 7),
(6415, 1, 7, 3),
(6416, 7, 6, 2),
(6417, 7, 4, 10),
(6418, 7, 1, 4),
(6419, 2, 2, 9),
(6420, 10, 8, 5),
(6421, 8, 2, 1),
(6422, 4, 1, 9),
(6423, 8, 5, 1),
(6424, 1, 10, 3),
(6425, 4, 7, 5),
(6426, 1, 6, 6),
(6427, 10, 6, 4),
(6428, 5, 2, 5),
(6429, 8, 5, 6),
(6430, 7, 5, 9),
(6431, 7, 6, 2),
(6432, 9, 6, 4),
(6433, 2, 8, 6),
(6434, 9, 9, 3),
(6435, 1, 5, 5),
(6436, 5, 9, 2),
(6437, 7, 8, 3),
(6438, 6, 1, 1),
(6439, 5, 5, 9),
(6440, 1, 6, 3),
(6441, 2, 5, 7),
(6442, 2, 9, 8),
(6443, 4, 1, 7),
(6444, 4, 4, 6),
(6445, 10, 1, 5),
(6446, 10, 5, 6),
(6447, 5, 9, 5),
(6448, 7, 10, 1),
(6449, 1, 3, 3),
(6450, 10, 7, 4),
(6451, 8, 2, 10),
(6452, 10, 2, 8),
(6453, 5, 9, 4),
(6454, 5, 2, 10),
(6455, 9, 9, 9),
(6456, 4, 2, 9),
(6457, 2, 7, 10),
(6458, 2, 9, 4),
(6459, 8, 10, 3),
(6460, 7, 5, 10),
(6461, 8, 6, 9),
(6462, 8, 9, 3),
(6463, 5, 10, 5),
(6464, 7, 10, 5),
(6465, 2, 7, 7),
(6466, 2, 6, 5),
(6467, 2, 7, 2),
(6468, 6, 4, 1),
(6469, 8, 7, 6),
(6470, 1, 10, 2),
(6471, 7, 9, 4),
(6472, 4, 4, 8),
(6473, 3, 10, 7),
(6474, 7, 6, 10),
(6475, 2, 3, 6),
(6476, 3, 9, 7),
(6477, 4, 3, 9),
(6478, 6, 5, 4),
(6479, 5, 7, 8),
(6480, 8, 4, 7),
(6481, 3, 5, 4),
(6482, 1, 9, 3),
(6483, 5, 8, 9),
(6484, 2, 3, 4),
(6485, 6, 7, 8),
(6486, 8, 3, 4),
(6487, 4, 4, 10),
(6488, 2, 6, 1),
(6489, 10, 8, 7),
(6490, 7, 5, 10),
(6491, 9, 6, 2),
(6492, 6, 7, 2),
(6493, 6, 9, 4),
(6494, 7, 3, 10),
(6495, 3, 3, 7),
(6496, 7, 7, 3),
(6497, 5, 2, 2),
(6498, 6, 6, 1),
(6499, 9, 9, 7),
(6500, 9, 8, 10),
(6501, 2, 5, 8),
(6502, 2, 4, 7),
(6503, 8, 9, 2),
(6504, 6, 7, 6),
(6505, 4, 1, 3),
(6506, 1, 10, 10),
(6507, 5, 9, 2),
(6508, 7, 8, 5),
(6509, 10, 2, 5),
(6510, 5, 9, 1),
(6511, 3, 3, 9),
(6512, 7, 4, 2),
(6513, 6, 6, 3),
(6514, 8, 9, 4),
(6515, 6, 8, 8),
(6516, 8, 4, 7),
(6517, 6, 2, 9),
(6518, 10, 7, 7),
(6519, 9, 1, 10),
(6520, 3, 6, 8),
(6521, 3, 10, 3),
(6522, 9, 3, 7),
(6523, 7, 3, 2),
(6524, 10, 5, 7),
(6525, 1, 1, 10),
(6526, 2, 7, 6),
(6527, 5, 9, 4),
(6528, 8, 10, 6),
(6529, 4, 5, 1),
(6530, 5, 7, 3),
(6531, 8, 8, 2),
(6532, 1, 4, 7),
(6533, 6, 4, 7),
(6534, 1, 3, 8),
(6535, 9, 9, 1),
(6536, 10, 2, 1),
(6537, 3, 6, 6),
(6538, 5, 10, 8),
(6539, 10, 1, 10),
(6540, 7, 2, 5),
(6541, 1, 2, 8),
(6542, 9, 3, 9),
(6543, 9, 8, 9),
(6544, 1, 8, 5),
(6545, 4, 8, 3),
(6546, 6, 1, 1),
(6547, 8, 4, 7),
(6548, 5, 2, 2),
(6549, 6, 2, 3),
(6550, 7, 10, 2),
(6551, 2, 1, 1),
(6552, 6, 1, 8),
(6553, 3, 5, 1),
(6554, 8, 7, 3),
(6555, 4, 4, 2),
(6556, 3, 2, 1),
(6557, 10, 5, 4),
(6558, 3, 5, 7),
(6559, 10, 2, 6),
(6560, 5, 2, 6),
(6561, 7, 10, 3),
(6562, 8, 2, 2),
(6563, 1, 7, 7),
(6564, 4, 9, 2),
(6565, 7, 5, 1),
(6566, 7, 9, 3),
(6567, 3, 5, 1),
(6568, 5, 2, 2),
(6569, 1, 8, 8),
(6570, 8, 2, 5),
(6571, 4, 1, 6),
(6572, 6, 5, 3),
(6573, 10, 7, 9),
(6574, 10, 7, 8),
(6575, 1, 9, 1),
(6576, 5, 7, 1),
(6577, 3, 8, 6),
(6578, 5, 8, 6),
(6579, 4, 8, 3),
(6580, 2, 8, 4),
(6581, 4, 1, 2),
(6582, 5, 2, 9),
(6583, 5, 7, 5),
(6584, 7, 6, 6),
(6585, 5, 9, 4),
(6586, 7, 1, 1),
(6587, 7, 8, 2),
(6588, 1, 5, 1),
(6589, 2, 9, 9),
(6590, 8, 3, 9),
(6591, 9, 7, 9),
(6592, 10, 5, 8),
(6593, 3, 4, 8),
(6594, 1, 10, 8),
(6595, 10, 2, 5),
(6596, 3, 5, 9),
(6597, 6, 9, 5),
(6598, 10, 3, 6),
(6599, 10, 7, 7),
(6600, 3, 2, 5),
(6601, 7, 7, 5);
INSERT INTO `orders` (`id`, `box_id`, `product_id`, `num`) VALUES
(6602, 7, 8, 6),
(6603, 10, 2, 5),
(6604, 6, 9, 6),
(6605, 3, 4, 6),
(6606, 10, 2, 7),
(6607, 4, 1, 7),
(6608, 2, 4, 6),
(6609, 8, 8, 6),
(6610, 3, 4, 8),
(6611, 1, 5, 10),
(6612, 3, 10, 10),
(6613, 3, 8, 2),
(6614, 8, 4, 9),
(6615, 3, 7, 2),
(6616, 6, 6, 9),
(6617, 4, 5, 4),
(6618, 7, 2, 10),
(6619, 7, 4, 7),
(6620, 5, 4, 10),
(6621, 3, 9, 5),
(6622, 5, 1, 3),
(6623, 8, 6, 9),
(6624, 10, 8, 3),
(6625, 5, 9, 6),
(6626, 8, 8, 6),
(6627, 9, 6, 10),
(6628, 8, 9, 2),
(6629, 8, 3, 10),
(6630, 3, 6, 10),
(6631, 7, 4, 5),
(6632, 5, 5, 8),
(6633, 4, 3, 1),
(6634, 8, 2, 4),
(6635, 10, 9, 10),
(6636, 3, 5, 7),
(6637, 7, 7, 9),
(6638, 1, 8, 9),
(6639, 4, 1, 3),
(6640, 1, 1, 7),
(6641, 7, 10, 1),
(6642, 2, 10, 7),
(6643, 10, 5, 8),
(6644, 6, 1, 1),
(6645, 5, 5, 6),
(6646, 9, 8, 10),
(6647, 5, 5, 1),
(6648, 9, 9, 10),
(6649, 10, 9, 8),
(6650, 5, 2, 4),
(6651, 10, 9, 1),
(6652, 9, 8, 1),
(6653, 4, 8, 1),
(6654, 7, 9, 4),
(6655, 10, 10, 2),
(6656, 10, 6, 10),
(6657, 5, 6, 3),
(6658, 5, 3, 4),
(6659, 4, 9, 6),
(6660, 10, 5, 10),
(6661, 3, 1, 1),
(6662, 10, 3, 2),
(6663, 4, 7, 1),
(6664, 5, 4, 8),
(6665, 8, 10, 10),
(6666, 7, 2, 7),
(6667, 5, 1, 7),
(6668, 5, 3, 8),
(6669, 4, 2, 9),
(6670, 7, 7, 2),
(6671, 7, 2, 3),
(6672, 4, 8, 1),
(6673, 2, 7, 3),
(6674, 1, 5, 10),
(6675, 7, 7, 9),
(6676, 2, 10, 3),
(6677, 9, 2, 3),
(6678, 6, 4, 9),
(6679, 8, 2, 3),
(6680, 2, 9, 7),
(6681, 10, 6, 7),
(6682, 2, 1, 9),
(6683, 1, 5, 1),
(6684, 4, 5, 5),
(6685, 4, 6, 10),
(6686, 4, 7, 1),
(6687, 7, 1, 5),
(6688, 10, 5, 8),
(6689, 3, 1, 8),
(6690, 9, 5, 8),
(6691, 9, 6, 6),
(6692, 5, 7, 8),
(6693, 2, 4, 10),
(6694, 7, 4, 3),
(6695, 10, 1, 4),
(6696, 3, 2, 4),
(6697, 6, 9, 2),
(6698, 10, 4, 3),
(6699, 2, 9, 1),
(6700, 6, 3, 4),
(6701, 1, 2, 2),
(6702, 1, 9, 5),
(6703, 2, 7, 9),
(6704, 3, 7, 1),
(6705, 6, 6, 8),
(6706, 7, 5, 9),
(6707, 3, 8, 3),
(6708, 2, 7, 10),
(6709, 4, 4, 3),
(6710, 3, 5, 6),
(6711, 1, 1, 3),
(6712, 2, 5, 5),
(6713, 7, 2, 10),
(6714, 6, 5, 4),
(6715, 4, 6, 5),
(6716, 6, 9, 4),
(6717, 5, 4, 7),
(6718, 8, 9, 10),
(6719, 2, 5, 6),
(6720, 2, 7, 2),
(6721, 4, 8, 8),
(6722, 2, 2, 7),
(6723, 1, 4, 1),
(6724, 3, 5, 4),
(6725, 6, 7, 6),
(6726, 1, 6, 7),
(6727, 2, 5, 7),
(6728, 4, 5, 9),
(6729, 5, 7, 3),
(6730, 4, 1, 2),
(6731, 2, 5, 1),
(6732, 10, 9, 5),
(6733, 3, 4, 1),
(6734, 6, 2, 8),
(6735, 3, 9, 8),
(6736, 5, 4, 9),
(6737, 5, 10, 7),
(6738, 7, 8, 6),
(6739, 1, 10, 4),
(6740, 4, 5, 5),
(6741, 7, 3, 6),
(6742, 6, 6, 7),
(6743, 8, 4, 4),
(6744, 7, 10, 5),
(6745, 3, 8, 4),
(6746, 7, 8, 7),
(6747, 9, 1, 7),
(6748, 3, 10, 7),
(6749, 5, 5, 2),
(6750, 9, 4, 2),
(6751, 8, 9, 3),
(6752, 9, 8, 3),
(6753, 7, 10, 2),
(6754, 2, 6, 8),
(6755, 10, 9, 7),
(6756, 4, 6, 1),
(6757, 2, 6, 4),
(6758, 7, 10, 7),
(6759, 6, 7, 4),
(6760, 3, 5, 3),
(6761, 6, 4, 5),
(6762, 3, 4, 2),
(6763, 4, 5, 3),
(6764, 3, 2, 2),
(6765, 1, 5, 6),
(6766, 9, 4, 3),
(6767, 8, 8, 5),
(6768, 1, 10, 1),
(6769, 9, 10, 9),
(6770, 8, 5, 2),
(6771, 5, 7, 2),
(6772, 2, 7, 3),
(6773, 9, 1, 7),
(6774, 2, 3, 9),
(6775, 4, 10, 2),
(6776, 10, 1, 10),
(6777, 3, 10, 10),
(6778, 2, 8, 5),
(6779, 5, 9, 10),
(6780, 1, 4, 6),
(6781, 9, 7, 10),
(6782, 10, 2, 8),
(6783, 4, 8, 8),
(6784, 1, 4, 8),
(6785, 1, 2, 9),
(6786, 7, 4, 9),
(6787, 4, 5, 7),
(6788, 6, 10, 4),
(6789, 7, 8, 6),
(6790, 5, 9, 1),
(6791, 2, 2, 9),
(6792, 2, 6, 4),
(6793, 1, 4, 8),
(6794, 3, 6, 4),
(6795, 8, 3, 2),
(6796, 3, 8, 3),
(6797, 9, 10, 8),
(6798, 3, 1, 5),
(6799, 1, 8, 6),
(6800, 9, 3, 9),
(6801, 10, 5, 1),
(6802, 8, 2, 2),
(6803, 7, 4, 5),
(6804, 4, 7, 9),
(6805, 2, 1, 8),
(6806, 3, 6, 10),
(6807, 6, 4, 9),
(6808, 1, 5, 7),
(6809, 10, 4, 10),
(6810, 6, 9, 5),
(6811, 2, 7, 3),
(6812, 6, 7, 9),
(6813, 1, 2, 3),
(6814, 1, 7, 8),
(6815, 8, 4, 1),
(6816, 6, 7, 4),
(6817, 3, 3, 1),
(6818, 7, 3, 4),
(6819, 6, 5, 2),
(6820, 9, 9, 2),
(6821, 3, 3, 9),
(6822, 5, 7, 7),
(6823, 4, 3, 9),
(6824, 4, 3, 9),
(6825, 8, 6, 4),
(6826, 7, 5, 2),
(6827, 6, 2, 2),
(6828, 3, 8, 7),
(6829, 8, 3, 5),
(6830, 9, 10, 2),
(6831, 4, 2, 8),
(6832, 3, 3, 6),
(6833, 4, 9, 7),
(6834, 9, 1, 1),
(6835, 10, 6, 7),
(6836, 1, 1, 4),
(6837, 2, 8, 6),
(6838, 7, 10, 9),
(6839, 10, 2, 8),
(6840, 6, 1, 4),
(6841, 4, 10, 3),
(6842, 3, 6, 1),
(6843, 7, 6, 7),
(6844, 5, 4, 10),
(6845, 1, 10, 3),
(6846, 7, 10, 5),
(6847, 1, 8, 8),
(6848, 2, 2, 2),
(6849, 7, 4, 5),
(6850, 8, 9, 3),
(6851, 6, 2, 7),
(6852, 6, 8, 4),
(6853, 9, 9, 2),
(6854, 9, 10, 5),
(6855, 3, 7, 7),
(6856, 7, 4, 4),
(6857, 5, 3, 8),
(6858, 10, 10, 1),
(6859, 2, 7, 3),
(6860, 4, 7, 4),
(6861, 1, 10, 9),
(6862, 9, 4, 9),
(6863, 1, 3, 3),
(6864, 9, 2, 3),
(6865, 6, 2, 2),
(6866, 9, 3, 6),
(6867, 3, 7, 1),
(6868, 6, 10, 9),
(6869, 8, 6, 10),
(6870, 2, 3, 5),
(6871, 4, 3, 9),
(6872, 5, 10, 10),
(6873, 4, 3, 9),
(6874, 8, 9, 8),
(6875, 6, 7, 10),
(6876, 9, 8, 7),
(6877, 1, 1, 8),
(6878, 7, 3, 4),
(6879, 7, 5, 6),
(6880, 8, 4, 9),
(6881, 1, 6, 4),
(6882, 6, 8, 10),
(6883, 9, 6, 10),
(6884, 5, 9, 5),
(6885, 7, 6, 1),
(6886, 8, 9, 9),
(6887, 6, 10, 3),
(6888, 2, 2, 1),
(6889, 4, 6, 5),
(6890, 5, 10, 8),
(6891, 9, 3, 9),
(6892, 1, 8, 6),
(6893, 3, 6, 4),
(6894, 7, 10, 7),
(6895, 9, 4, 9),
(6896, 3, 7, 2),
(6897, 9, 9, 8),
(6898, 4, 9, 10),
(6899, 5, 9, 8),
(6900, 3, 1, 5),
(6901, 5, 4, 7),
(6902, 3, 8, 8),
(6903, 8, 3, 4),
(6904, 9, 2, 6),
(6905, 6, 3, 9),
(6906, 3, 9, 3),
(6907, 4, 6, 9),
(6908, 4, 2, 1),
(6909, 1, 1, 9),
(6910, 3, 10, 5),
(6911, 4, 6, 10),
(6912, 3, 4, 10),
(6913, 5, 1, 5),
(6914, 7, 6, 10),
(6915, 4, 6, 7),
(6916, 6, 1, 3),
(6917, 7, 6, 10),
(6918, 5, 8, 4),
(6919, 10, 8, 1),
(6920, 4, 5, 9),
(6921, 10, 6, 4),
(6922, 10, 4, 1),
(6923, 4, 8, 4),
(6924, 5, 7, 4),
(6925, 1, 9, 2),
(6926, 10, 8, 10),
(6927, 1, 3, 10),
(6928, 9, 10, 8),
(6929, 1, 1, 8),
(6930, 7, 9, 10),
(6931, 2, 1, 8),
(6932, 10, 3, 10),
(6933, 9, 5, 10),
(6934, 1, 3, 6),
(6935, 10, 6, 4),
(6936, 5, 8, 8),
(6937, 1, 1, 8),
(6938, 3, 6, 5),
(6939, 1, 1, 5),
(6940, 10, 7, 8),
(6941, 6, 6, 9),
(6942, 1, 10, 5),
(6943, 10, 1, 4),
(6944, 5, 5, 6),
(6945, 10, 7, 8),
(6946, 2, 4, 1),
(6947, 9, 8, 8),
(6948, 10, 9, 2),
(6949, 5, 10, 9),
(6950, 10, 7, 7),
(6951, 4, 3, 1),
(6952, 2, 1, 2),
(6953, 9, 5, 3),
(6954, 8, 4, 6),
(6955, 5, 9, 8),
(6956, 5, 8, 8),
(6957, 10, 9, 2),
(6958, 10, 6, 9),
(6959, 8, 8, 9),
(6960, 9, 9, 1),
(6961, 8, 7, 1),
(6962, 1, 5, 3),
(6963, 5, 2, 9),
(6964, 5, 3, 7),
(6965, 8, 8, 10),
(6966, 6, 3, 2),
(6967, 7, 6, 2),
(6968, 5, 9, 2),
(6969, 2, 1, 4),
(6970, 9, 7, 9),
(6971, 7, 8, 8),
(6972, 5, 5, 2),
(6973, 2, 7, 2),
(6974, 2, 6, 6),
(6975, 1, 1, 5),
(6976, 3, 6, 3),
(6977, 4, 10, 7),
(6978, 5, 10, 5),
(6979, 9, 4, 7),
(6980, 9, 8, 4),
(6981, 4, 8, 10),
(6982, 3, 3, 1),
(6983, 5, 9, 7),
(6984, 2, 7, 1),
(6985, 3, 4, 1),
(6986, 3, 7, 7),
(6987, 5, 7, 9),
(6988, 5, 1, 2),
(6989, 4, 9, 7),
(6990, 3, 3, 6),
(6991, 2, 1, 7),
(6992, 10, 9, 6),
(6993, 6, 3, 6),
(6994, 8, 4, 10),
(6995, 9, 10, 1),
(6996, 7, 4, 7),
(6997, 3, 1, 7),
(6998, 5, 7, 10),
(6999, 8, 8, 5),
(7000, 4, 9, 1),
(7001, 3, 6, 2),
(7002, 1, 8, 1),
(7003, 8, 2, 8),
(7004, 10, 3, 6),
(7005, 7, 6, 9),
(7006, 8, 5, 6),
(7007, 10, 2, 4),
(7008, 1, 4, 7),
(7009, 8, 5, 2),
(7010, 3, 2, 3),
(7011, 10, 3, 3),
(7012, 10, 7, 4),
(7013, 7, 5, 2),
(7014, 9, 7, 2),
(7015, 2, 2, 8),
(7016, 2, 6, 8),
(7017, 6, 7, 7),
(7018, 4, 6, 5),
(7019, 4, 6, 8),
(7020, 2, 3, 3),
(7021, 4, 3, 8),
(7022, 10, 6, 8),
(7023, 6, 2, 3),
(7024, 4, 3, 3),
(7025, 5, 8, 3),
(7026, 3, 10, 1),
(7027, 1, 7, 3),
(7028, 1, 7, 3),
(7029, 10, 4, 4),
(7030, 5, 1, 7),
(7031, 8, 1, 2),
(7032, 3, 2, 4),
(7033, 6, 10, 8),
(7034, 6, 1, 5),
(7035, 8, 7, 6),
(7036, 1, 3, 9),
(7037, 1, 4, 2),
(7038, 8, 7, 2),
(7039, 3, 2, 8),
(7040, 1, 6, 2),
(7041, 6, 9, 9),
(7042, 3, 9, 3),
(7043, 7, 9, 10),
(7044, 9, 3, 9),
(7045, 7, 8, 4),
(7046, 7, 2, 7),
(7047, 3, 9, 3),
(7048, 7, 10, 4),
(7049, 6, 6, 7),
(7050, 7, 2, 3),
(7051, 3, 3, 10),
(7052, 6, 1, 8),
(7053, 8, 7, 2),
(7054, 8, 3, 2),
(7055, 1, 7, 6),
(7056, 6, 2, 8),
(7057, 8, 1, 6),
(7058, 10, 9, 1),
(7059, 3, 4, 8),
(7060, 5, 4, 8),
(7061, 10, 3, 7),
(7062, 6, 4, 8),
(7063, 6, 7, 1),
(7064, 7, 6, 2),
(7065, 6, 7, 7),
(7066, 7, 6, 10),
(7067, 4, 8, 2),
(7068, 6, 9, 5),
(7069, 3, 7, 1),
(7070, 1, 6, 7),
(7071, 10, 9, 5),
(7072, 6, 5, 2),
(7073, 8, 2, 10),
(7074, 8, 3, 8),
(7075, 1, 3, 8),
(7076, 4, 1, 10),
(7077, 10, 3, 4),
(7078, 5, 3, 10),
(7079, 3, 4, 4),
(7080, 7, 7, 9),
(7081, 4, 9, 5),
(7082, 6, 5, 2),
(7083, 10, 9, 10),
(7084, 9, 3, 2),
(7085, 3, 9, 7),
(7086, 7, 3, 3),
(7087, 2, 6, 9),
(7088, 9, 3, 9),
(7089, 3, 10, 9),
(7090, 6, 4, 9),
(7091, 8, 7, 3),
(7092, 6, 2, 10),
(7093, 8, 7, 6),
(7094, 5, 3, 5),
(7095, 2, 6, 9),
(7096, 2, 7, 3),
(7097, 3, 7, 6),
(7098, 8, 3, 3),
(7099, 6, 10, 10),
(7100, 1, 7, 5),
(7101, 3, 4, 2),
(7102, 3, 5, 6),
(7103, 3, 9, 1),
(7104, 2, 6, 2),
(7105, 3, 4, 10),
(7106, 7, 5, 10),
(7107, 4, 7, 4),
(7108, 9, 10, 4),
(7109, 1, 4, 5),
(7110, 4, 8, 1),
(7111, 9, 4, 7),
(7112, 10, 3, 5),
(7113, 7, 8, 8),
(7114, 9, 5, 3),
(7115, 3, 7, 10),
(7116, 7, 3, 9),
(7117, 10, 10, 2),
(7118, 3, 9, 4),
(7119, 6, 7, 2),
(7120, 1, 10, 5),
(7121, 8, 7, 5),
(7122, 10, 1, 2),
(7123, 4, 9, 10),
(7124, 3, 2, 2),
(7125, 8, 6, 8),
(7126, 8, 7, 2),
(7127, 9, 8, 3),
(7128, 8, 3, 4),
(7129, 4, 4, 10),
(7130, 4, 6, 7),
(7131, 9, 3, 9),
(7132, 7, 5, 6),
(7133, 2, 4, 5),
(7134, 2, 5, 5),
(7135, 8, 10, 5),
(7136, 3, 2, 8),
(7137, 2, 2, 6),
(7138, 8, 10, 2),
(7139, 6, 6, 7),
(7140, 1, 8, 8),
(7141, 10, 5, 9),
(7142, 9, 9, 10),
(7143, 6, 10, 8),
(7144, 7, 3, 10),
(7145, 10, 1, 4),
(7146, 8, 1, 3),
(7147, 7, 8, 2),
(7148, 4, 6, 10),
(7149, 8, 1, 6),
(7150, 5, 10, 5),
(7151, 6, 10, 6),
(7152, 10, 5, 8),
(7153, 8, 8, 9),
(7154, 10, 3, 5),
(7155, 4, 10, 10),
(7156, 9, 7, 9),
(7157, 2, 10, 8),
(7158, 1, 4, 7),
(7159, 1, 8, 4),
(7160, 5, 7, 10),
(7161, 8, 2, 10),
(7162, 3, 2, 10),
(7163, 6, 5, 4),
(7164, 2, 9, 5),
(7165, 1, 1, 9),
(7166, 10, 6, 5),
(7167, 3, 6, 8),
(7168, 5, 5, 6),
(7169, 1, 1, 6),
(7170, 4, 5, 2),
(7171, 10, 2, 9),
(7172, 7, 1, 5),
(7173, 9, 3, 6),
(7174, 4, 3, 10),
(7175, 4, 4, 10),
(7176, 5, 10, 7),
(7177, 3, 3, 10),
(7178, 8, 10, 8),
(7179, 8, 5, 1),
(7180, 3, 8, 2),
(7181, 4, 8, 5),
(7182, 10, 7, 9),
(7183, 5, 10, 5),
(7184, 3, 1, 7),
(7185, 1, 3, 8),
(7186, 6, 2, 1),
(7187, 8, 9, 9),
(7188, 7, 10, 4),
(7189, 8, 6, 8),
(7190, 8, 5, 4),
(7191, 5, 7, 2),
(7192, 3, 4, 4),
(7193, 9, 8, 4),
(7194, 10, 10, 3),
(7195, 9, 7, 1),
(7196, 5, 5, 4),
(7197, 9, 5, 3),
(7198, 2, 8, 1),
(7199, 6, 7, 4),
(7200, 3, 5, 9),
(7201, 6, 2, 2),
(7202, 4, 8, 2),
(7203, 1, 9, 9),
(7204, 5, 1, 8),
(7205, 7, 5, 6),
(7206, 2, 7, 3),
(7207, 2, 4, 1),
(7208, 1, 7, 4),
(7209, 8, 5, 7),
(7210, 2, 4, 6),
(7211, 10, 6, 5),
(7212, 3, 1, 9),
(7213, 2, 6, 10),
(7214, 3, 10, 2),
(7215, 6, 10, 9),
(7216, 3, 4, 5),
(7217, 9, 9, 4),
(7218, 7, 1, 8),
(7219, 5, 1, 4),
(7220, 4, 10, 8),
(7221, 9, 1, 1),
(7222, 10, 6, 2),
(7223, 7, 8, 1),
(7224, 1, 1, 4),
(7225, 6, 4, 1),
(7226, 4, 3, 7),
(7227, 4, 6, 6),
(7228, 5, 7, 4),
(7229, 10, 8, 4),
(7230, 6, 5, 6),
(7231, 3, 10, 7),
(7232, 8, 7, 8),
(7233, 6, 2, 6),
(7234, 8, 2, 8),
(7235, 10, 2, 5),
(7236, 4, 6, 3),
(7237, 8, 7, 1),
(7238, 2, 5, 4),
(7239, 9, 7, 9),
(7240, 3, 5, 9),
(7241, 5, 5, 6),
(7242, 7, 4, 5),
(7243, 2, 9, 8),
(7244, 4, 5, 3),
(7245, 7, 10, 7),
(7246, 2, 3, 6),
(7247, 3, 3, 4),
(7248, 6, 4, 4),
(7249, 2, 1, 10),
(7250, 10, 3, 3),
(7251, 10, 9, 4),
(7252, 1, 4, 4),
(7253, 4, 7, 4),
(7254, 4, 10, 10),
(7255, 6, 8, 7),
(7256, 5, 2, 4),
(7257, 9, 9, 4),
(7258, 5, 3, 2),
(7259, 5, 2, 8),
(7260, 9, 2, 1),
(7261, 3, 10, 8),
(7262, 7, 6, 10),
(7263, 9, 9, 3),
(7264, 3, 8, 4),
(7265, 1, 5, 3),
(7266, 2, 10, 8),
(7267, 3, 2, 6),
(7268, 2, 8, 2),
(7269, 4, 6, 4),
(7270, 5, 2, 5),
(7271, 3, 9, 10),
(7272, 4, 2, 5),
(7273, 5, 8, 7),
(7274, 1, 4, 6),
(7275, 10, 6, 5),
(7276, 9, 3, 5),
(7277, 7, 2, 6),
(7278, 9, 2, 8),
(7279, 6, 2, 7),
(7280, 7, 4, 6),
(7281, 9, 5, 3),
(7282, 4, 8, 6),
(7283, 3, 9, 2),
(7284, 2, 8, 9),
(7285, 9, 7, 2),
(7286, 3, 1, 9),
(7287, 1, 1, 1),
(7288, 1, 9, 5),
(7289, 10, 10, 5),
(7290, 3, 10, 6),
(7291, 8, 1, 6),
(7292, 6, 7, 6),
(7293, 10, 5, 9),
(7294, 5, 6, 8),
(7295, 7, 4, 8),
(7296, 4, 7, 8),
(7297, 5, 1, 10),
(7298, 10, 7, 1),
(7299, 3, 7, 4),
(7300, 10, 3, 8),
(7301, 8, 6, 1),
(7302, 3, 4, 3),
(7303, 10, 10, 1),
(7304, 2, 1, 5),
(7305, 7, 8, 6),
(7306, 5, 7, 10),
(7307, 3, 8, 3),
(7308, 10, 7, 7),
(7309, 6, 9, 9),
(7310, 8, 3, 4),
(7311, 4, 6, 1),
(7312, 6, 6, 5),
(7313, 2, 10, 8),
(7314, 5, 8, 5),
(7315, 1, 8, 2),
(7316, 8, 4, 8),
(7317, 5, 5, 5),
(7318, 9, 5, 6),
(7319, 7, 6, 1),
(7320, 3, 6, 10),
(7321, 2, 1, 3),
(7322, 9, 4, 4),
(7323, 3, 5, 4),
(7324, 4, 10, 4),
(7325, 10, 5, 9),
(7326, 6, 1, 8),
(7327, 1, 7, 3),
(7328, 10, 7, 5),
(7329, 3, 3, 2),
(7330, 6, 4, 4),
(7331, 5, 1, 7),
(7332, 1, 2, 7),
(7333, 1, 3, 6),
(7334, 2, 8, 7),
(7335, 6, 5, 9),
(7336, 7, 9, 9),
(7337, 8, 8, 10),
(7338, 3, 10, 10),
(7339, 8, 7, 6),
(7340, 1, 9, 6),
(7341, 4, 10, 3),
(7342, 6, 10, 9),
(7343, 10, 5, 2),
(7344, 1, 5, 7),
(7345, 1, 1, 3),
(7346, 7, 3, 3),
(7347, 10, 2, 5),
(7348, 5, 8, 5),
(7349, 3, 2, 5),
(7350, 8, 3, 2),
(7351, 10, 7, 9),
(7352, 2, 8, 2),
(7353, 8, 4, 2),
(7354, 3, 3, 3),
(7355, 8, 6, 2),
(7356, 6, 3, 10),
(7357, 7, 4, 2),
(7358, 4, 6, 2),
(7359, 2, 5, 7),
(7360, 5, 3, 8),
(7361, 9, 2, 5),
(7362, 7, 2, 3),
(7363, 9, 6, 3),
(7364, 3, 3, 6),
(7365, 1, 10, 3),
(7366, 8, 7, 10),
(7367, 3, 9, 4),
(7368, 10, 7, 3),
(7369, 8, 6, 5),
(7370, 2, 10, 7),
(7371, 4, 4, 7),
(7372, 7, 8, 7),
(7373, 6, 2, 9),
(7374, 3, 3, 1),
(7375, 3, 4, 7),
(7376, 5, 6, 3),
(7377, 3, 5, 3),
(7378, 2, 8, 8),
(7379, 3, 2, 9),
(7380, 8, 6, 5),
(7381, 7, 1, 2),
(7382, 4, 8, 7),
(7383, 5, 10, 9),
(7384, 2, 4, 3),
(7385, 2, 1, 4),
(7386, 8, 4, 5),
(7387, 3, 5, 7),
(7388, 2, 9, 7),
(7389, 4, 3, 5),
(7390, 4, 6, 9),
(7391, 8, 7, 3),
(7392, 10, 5, 3),
(7393, 7, 10, 1),
(7394, 4, 3, 1),
(7395, 8, 1, 5),
(7396, 9, 8, 10),
(7397, 8, 2, 7),
(7398, 8, 3, 7),
(7399, 9, 3, 3),
(7400, 10, 8, 7),
(7401, 1, 1, 4),
(7402, 3, 9, 8),
(7403, 9, 9, 2),
(7404, 5, 7, 1),
(7405, 9, 9, 6),
(7406, 2, 8, 10),
(7407, 6, 5, 5),
(7408, 1, 2, 6),
(7409, 2, 4, 6),
(7410, 4, 9, 5),
(7411, 5, 10, 8),
(7412, 3, 3, 4),
(7413, 1, 7, 1),
(7414, 6, 8, 1),
(7415, 10, 7, 2),
(7416, 3, 2, 9),
(7417, 3, 5, 10),
(7418, 7, 2, 3),
(7419, 7, 7, 1),
(7420, 6, 2, 6),
(7421, 5, 2, 9),
(7422, 5, 2, 9),
(7423, 2, 5, 4),
(7424, 6, 2, 5),
(7425, 6, 1, 4),
(7426, 2, 4, 4),
(7427, 9, 2, 8),
(7428, 7, 2, 3),
(7429, 4, 6, 7),
(7430, 1, 4, 1),
(7431, 10, 8, 9),
(7432, 2, 1, 3),
(7433, 1, 8, 6),
(7434, 3, 5, 2),
(7435, 4, 3, 1),
(7436, 5, 6, 10),
(7437, 8, 6, 2),
(7438, 8, 4, 10),
(7439, 1, 3, 9),
(7440, 7, 2, 6),
(7441, 10, 2, 1),
(7442, 4, 5, 8),
(7443, 2, 4, 5),
(7444, 5, 9, 7),
(7445, 4, 7, 1),
(7446, 9, 1, 7),
(7447, 8, 6, 4),
(7448, 3, 7, 9),
(7449, 5, 5, 4),
(7450, 5, 1, 6),
(7451, 2, 5, 3),
(7452, 4, 9, 4),
(7453, 6, 5, 3),
(7454, 6, 9, 8),
(7455, 3, 4, 3),
(7456, 9, 4, 5),
(7457, 6, 8, 2),
(7458, 10, 10, 9),
(7459, 2, 4, 2),
(7460, 5, 6, 7),
(7461, 4, 1, 1),
(7462, 1, 5, 10),
(7463, 3, 10, 4),
(7464, 1, 5, 7),
(7465, 8, 2, 2),
(7466, 10, 2, 1),
(7467, 8, 8, 2),
(7468, 2, 5, 7),
(7469, 9, 4, 1),
(7470, 2, 10, 2),
(7471, 1, 7, 7),
(7472, 1, 4, 3),
(7473, 2, 8, 9),
(7474, 5, 6, 8),
(7475, 9, 6, 6),
(7476, 6, 10, 8),
(7477, 5, 3, 7),
(7478, 3, 7, 8),
(7479, 1, 7, 1),
(7480, 9, 10, 10),
(7481, 10, 3, 8),
(7482, 7, 6, 2),
(7483, 1, 2, 8),
(7484, 6, 1, 6),
(7485, 1, 3, 6),
(7486, 4, 7, 5),
(7487, 8, 7, 2),
(7488, 9, 2, 10),
(7489, 6, 3, 10),
(7490, 8, 7, 4),
(7491, 4, 3, 10),
(7492, 1, 7, 5),
(7493, 3, 1, 6),
(7494, 10, 9, 10),
(7495, 5, 2, 7),
(7496, 6, 2, 6),
(7497, 9, 10, 8),
(7498, 5, 1, 5),
(7499, 2, 1, 3),
(7500, 5, 2, 4),
(7501, 10, 6, 8),
(7502, 2, 9, 4),
(7503, 1, 8, 9),
(7504, 9, 2, 10),
(7505, 1, 8, 5),
(7506, 5, 1, 5),
(7507, 4, 9, 5),
(7508, 5, 9, 4),
(7509, 8, 3, 7),
(7510, 4, 2, 3),
(7511, 4, 3, 7),
(7512, 2, 1, 3),
(7513, 2, 4, 3),
(7514, 10, 8, 10),
(7515, 3, 5, 5),
(7516, 4, 6, 6),
(7517, 2, 6, 9),
(7518, 4, 10, 4),
(7519, 2, 9, 10),
(7520, 6, 8, 9),
(7521, 8, 7, 1),
(7522, 6, 5, 1),
(7523, 1, 6, 8),
(7524, 9, 9, 2),
(7525, 6, 7, 7),
(7526, 5, 5, 9),
(7527, 2, 4, 2),
(7528, 2, 1, 6),
(7529, 10, 6, 10),
(7530, 9, 10, 6),
(7531, 8, 6, 2),
(7532, 8, 2, 9),
(7533, 1, 2, 1),
(7534, 6, 1, 1),
(7535, 2, 3, 2),
(7536, 4, 7, 9),
(7537, 7, 9, 2),
(7538, 4, 1, 4),
(7539, 6, 4, 8),
(7540, 9, 6, 4),
(7541, 9, 8, 3),
(7542, 3, 2, 8),
(7543, 10, 4, 8),
(7544, 9, 7, 3),
(7545, 7, 8, 10),
(7546, 7, 4, 5),
(7547, 3, 10, 2),
(7548, 4, 8, 8),
(7549, 1, 6, 5),
(7550, 5, 1, 4),
(7551, 10, 9, 8),
(7552, 9, 3, 6),
(7553, 10, 7, 6),
(7554, 1, 7, 8),
(7555, 5, 5, 8),
(7556, 9, 9, 3),
(7557, 9, 10, 5),
(7558, 8, 2, 2),
(7559, 5, 6, 8),
(7560, 10, 7, 6),
(7561, 8, 1, 3),
(7562, 3, 1, 2),
(7563, 9, 5, 5),
(7564, 1, 4, 6),
(7565, 2, 1, 10),
(7566, 2, 10, 10),
(7567, 8, 6, 5),
(7568, 5, 2, 7),
(7569, 6, 2, 4),
(7570, 8, 3, 4),
(7571, 8, 10, 4),
(7572, 9, 3, 10),
(7573, 4, 6, 10),
(7574, 9, 1, 4),
(7575, 4, 3, 4),
(7576, 6, 4, 7),
(7577, 2, 10, 4),
(7578, 5, 8, 5),
(7579, 1, 2, 7),
(7580, 1, 3, 5),
(7581, 2, 6, 2),
(7582, 7, 1, 3),
(7583, 8, 7, 4),
(7584, 8, 7, 1),
(7585, 2, 8, 9),
(7586, 8, 5, 3),
(7587, 4, 5, 8),
(7588, 2, 2, 5),
(7589, 9, 6, 1),
(7590, 7, 8, 9),
(7591, 2, 4, 9),
(7592, 3, 5, 8),
(7593, 9, 1, 5),
(7594, 5, 10, 1),
(7595, 2, 9, 1),
(7596, 3, 3, 4),
(7597, 10, 8, 7),
(7598, 3, 10, 6),
(7599, 1, 7, 8),
(7600, 3, 9, 3),
(7601, 7, 9, 10),
(7602, 1, 2, 8),
(7603, 4, 5, 1),
(7604, 8, 7, 6),
(7605, 10, 3, 10),
(7606, 6, 8, 5),
(7607, 8, 2, 2),
(7608, 1, 6, 4),
(7609, 1, 8, 1),
(7610, 5, 4, 8),
(7611, 6, 6, 2),
(7612, 3, 9, 5),
(7613, 6, 5, 5),
(7614, 4, 7, 8),
(7615, 3, 5, 6),
(7616, 1, 4, 5),
(7617, 6, 7, 1),
(7618, 5, 10, 7),
(7619, 2, 4, 1),
(7620, 5, 8, 1),
(7621, 1, 6, 3),
(7622, 7, 3, 2),
(7623, 2, 9, 4),
(7624, 8, 1, 7),
(7625, 3, 9, 3),
(7626, 10, 4, 9),
(7627, 3, 2, 6),
(7628, 3, 9, 4),
(7629, 5, 3, 6),
(7630, 2, 7, 2),
(7631, 9, 3, 7),
(7632, 10, 4, 10),
(7633, 5, 4, 9),
(7634, 3, 4, 1),
(7635, 10, 2, 2),
(7636, 8, 7, 5),
(7637, 7, 7, 9),
(7638, 10, 10, 10),
(7639, 8, 7, 7),
(7640, 10, 8, 10),
(7641, 10, 2, 1),
(7642, 10, 7, 6),
(7643, 2, 7, 10),
(7644, 5, 4, 2),
(7645, 6, 6, 4),
(7646, 1, 3, 9),
(7647, 10, 10, 3),
(7648, 8, 4, 7),
(7649, 2, 4, 10),
(7650, 5, 2, 5),
(7651, 8, 4, 8),
(7652, 8, 6, 10),
(7653, 7, 4, 8),
(7654, 1, 1, 2),
(7655, 8, 5, 5),
(7656, 5, 7, 3),
(7657, 1, 4, 5),
(7658, 2, 8, 1),
(7659, 3, 6, 2),
(7660, 2, 4, 8),
(7661, 4, 9, 9),
(7662, 3, 1, 6),
(7663, 9, 3, 5),
(7664, 1, 4, 8),
(7665, 2, 4, 1),
(7666, 9, 2, 2),
(7667, 9, 5, 6),
(7668, 6, 10, 10),
(7669, 2, 4, 7),
(7670, 7, 5, 7),
(7671, 4, 3, 10),
(7672, 9, 5, 10),
(7673, 2, 10, 5),
(7674, 10, 1, 1),
(7675, 7, 8, 7),
(7676, 9, 1, 7),
(7677, 3, 5, 2),
(7678, 6, 1, 7),
(7679, 2, 5, 3),
(7680, 7, 3, 4),
(7681, 9, 10, 2),
(7682, 8, 7, 1),
(7683, 6, 4, 2),
(7684, 6, 8, 6),
(7685, 6, 2, 8),
(7686, 10, 4, 4),
(7687, 9, 9, 7),
(7688, 6, 1, 7),
(7689, 4, 1, 9),
(7690, 1, 2, 9),
(7691, 4, 6, 7),
(7692, 6, 3, 7),
(7693, 9, 8, 6),
(7694, 8, 8, 5),
(7695, 3, 5, 10),
(7696, 7, 10, 4),
(7697, 10, 2, 10),
(7698, 9, 8, 1),
(7699, 1, 1, 10),
(7700, 4, 1, 10),
(7701, 9, 1, 1),
(7702, 3, 1, 10),
(7703, 9, 1, 5),
(7704, 9, 1, 4),
(7705, 1, 6, 8),
(7706, 5, 3, 3),
(7707, 6, 5, 8),
(7708, 1, 2, 4),
(7709, 1, 4, 10),
(7710, 3, 6, 1),
(7711, 4, 4, 2),
(7712, 7, 8, 7),
(7713, 9, 5, 4),
(7714, 3, 1, 5),
(7715, 7, 1, 10),
(7716, 5, 10, 2),
(7717, 1, 9, 1),
(7718, 9, 10, 5),
(7719, 6, 9, 7),
(7720, 4, 4, 9),
(7721, 9, 7, 6),
(7722, 5, 8, 7),
(7723, 8, 6, 10),
(7724, 4, 9, 6),
(7725, 5, 2, 4),
(7726, 10, 4, 1),
(7727, 7, 1, 5),
(7728, 7, 5, 5),
(7729, 8, 10, 9),
(7730, 5, 3, 9),
(7731, 8, 4, 4),
(7732, 5, 9, 5),
(7733, 3, 7, 2),
(7734, 5, 1, 4),
(7735, 1, 9, 1),
(7736, 7, 5, 10),
(7737, 5, 7, 9),
(7738, 6, 2, 7),
(7739, 2, 5, 10),
(7740, 1, 6, 2),
(7741, 3, 2, 6),
(7742, 3, 6, 6),
(7743, 7, 9, 1),
(7744, 6, 9, 8),
(7745, 6, 5, 1),
(7746, 8, 8, 1),
(7747, 2, 8, 4),
(7748, 8, 5, 7),
(7749, 7, 7, 9),
(7750, 1, 5, 1),
(7751, 9, 4, 1),
(7752, 3, 1, 5),
(7753, 1, 1, 3),
(7754, 7, 2, 4),
(7755, 4, 8, 9),
(7756, 8, 4, 4),
(7757, 6, 3, 3),
(7758, 1, 5, 4),
(7759, 7, 7, 3),
(7760, 8, 3, 1),
(7761, 6, 4, 4),
(7762, 7, 1, 1),
(7763, 6, 2, 1),
(7764, 1, 5, 6),
(7765, 4, 1, 9),
(7766, 2, 6, 9),
(7767, 5, 4, 9),
(7768, 2, 4, 5),
(7769, 6, 6, 6),
(7770, 8, 4, 5),
(7771, 5, 7, 3),
(7772, 5, 10, 9),
(7773, 7, 9, 3),
(7774, 7, 3, 4),
(7775, 4, 3, 3),
(7776, 7, 6, 8),
(7777, 6, 2, 9),
(7778, 1, 8, 3),
(7779, 9, 1, 4),
(7780, 6, 10, 1),
(7781, 5, 1, 7),
(7782, 6, 1, 6),
(7783, 3, 4, 7),
(7784, 1, 2, 10),
(7785, 7, 4, 6),
(7786, 7, 3, 4),
(7787, 5, 5, 5),
(7788, 4, 1, 4),
(7789, 1, 5, 3),
(7790, 3, 1, 9),
(7791, 10, 4, 10),
(7792, 5, 8, 6),
(7793, 9, 5, 4),
(7794, 2, 1, 6),
(7795, 6, 5, 7),
(7796, 1, 1, 3),
(7797, 9, 10, 2),
(7798, 4, 9, 9),
(7799, 1, 1, 2),
(7800, 3, 9, 9),
(7801, 2, 10, 5),
(7802, 2, 10, 4),
(7803, 10, 4, 8),
(7804, 6, 5, 3),
(7805, 2, 3, 6),
(7806, 8, 9, 4),
(7807, 2, 4, 7),
(7808, 7, 10, 9),
(7809, 3, 6, 4),
(7810, 9, 4, 7),
(7811, 9, 3, 2),
(7812, 4, 10, 5),
(7813, 9, 8, 10),
(7814, 2, 6, 10),
(7815, 1, 4, 8),
(7816, 9, 8, 6),
(7817, 9, 6, 5),
(7818, 8, 1, 6),
(7819, 7, 1, 7),
(7820, 9, 10, 2),
(7821, 8, 10, 2),
(7822, 8, 6, 9),
(7823, 2, 6, 10),
(7824, 5, 2, 3),
(7825, 4, 10, 10),
(7826, 6, 1, 9),
(7827, 8, 4, 6),
(7828, 4, 10, 8),
(7829, 9, 2, 3),
(7830, 5, 5, 7),
(7831, 5, 4, 9),
(7832, 1, 7, 4),
(7833, 6, 3, 4),
(7834, 4, 6, 10),
(7835, 7, 8, 9),
(7836, 8, 3, 8),
(7837, 2, 9, 5),
(7838, 4, 8, 7),
(7839, 1, 6, 5),
(7840, 9, 10, 4),
(7841, 5, 8, 2),
(7842, 5, 4, 4),
(7843, 3, 7, 1),
(7844, 3, 4, 4),
(7845, 1, 9, 5),
(7846, 6, 1, 3),
(7847, 10, 8, 9),
(7848, 10, 8, 7),
(7849, 7, 3, 8),
(7850, 1, 4, 7),
(7851, 3, 10, 8),
(7852, 4, 10, 2),
(7853, 8, 7, 3),
(7854, 6, 6, 3),
(7855, 10, 4, 6),
(7856, 1, 5, 3),
(7857, 7, 10, 3),
(7858, 6, 9, 7),
(7859, 10, 2, 9),
(7860, 4, 9, 8),
(7861, 4, 2, 6),
(7862, 5, 3, 7),
(7863, 2, 6, 9),
(7864, 8, 10, 6),
(7865, 5, 7, 1),
(7866, 10, 6, 2),
(7867, 10, 2, 7),
(7868, 5, 1, 5),
(7869, 4, 1, 9),
(7870, 3, 7, 1),
(7871, 8, 7, 8),
(7872, 9, 8, 1),
(7873, 8, 8, 6),
(7874, 4, 2, 2),
(7875, 7, 4, 2),
(7876, 1, 7, 4),
(7877, 6, 7, 5),
(7878, 1, 7, 8),
(7879, 5, 9, 7),
(7880, 4, 6, 5),
(7881, 10, 7, 4),
(7882, 8, 6, 5),
(7883, 7, 2, 8),
(7884, 5, 9, 10),
(7885, 2, 3, 5),
(7886, 3, 10, 3),
(7887, 3, 7, 1),
(7888, 9, 9, 4),
(7889, 9, 2, 1),
(7890, 5, 7, 8),
(7891, 10, 8, 7),
(7892, 10, 4, 7),
(7893, 10, 2, 5),
(7894, 10, 6, 6),
(7895, 4, 2, 2),
(7896, 9, 4, 4),
(7897, 1, 6, 2),
(7898, 10, 1, 9),
(7899, 8, 7, 7),
(7900, 8, 4, 8),
(7901, 9, 4, 8),
(7902, 6, 4, 1),
(7903, 7, 8, 6),
(7904, 3, 1, 3),
(7905, 5, 8, 2),
(7906, 6, 6, 5),
(7907, 5, 3, 10),
(7908, 7, 9, 5),
(7909, 10, 4, 5),
(7910, 7, 6, 6),
(7911, 7, 6, 8),
(7912, 5, 4, 2),
(7913, 7, 9, 6),
(7914, 4, 3, 5),
(7915, 6, 10, 7),
(7916, 4, 1, 3),
(7917, 7, 1, 6),
(7918, 3, 4, 4),
(7919, 1, 9, 2),
(7920, 4, 1, 2),
(7921, 7, 8, 7),
(7922, 3, 9, 1),
(7923, 9, 1, 10),
(7924, 2, 10, 6),
(7925, 8, 9, 10),
(7926, 6, 6, 7),
(7927, 2, 8, 10),
(7928, 10, 2, 2),
(7929, 8, 7, 3),
(7930, 8, 9, 7),
(7931, 1, 9, 6),
(7932, 10, 4, 8),
(7933, 1, 4, 1),
(7934, 4, 1, 4),
(7935, 8, 10, 5),
(7936, 2, 7, 1),
(7937, 9, 8, 1),
(7938, 5, 6, 6),
(7939, 1, 10, 8),
(7940, 2, 4, 5),
(7941, 10, 3, 10),
(7942, 2, 2, 2),
(7943, 7, 10, 4),
(7944, 9, 3, 5),
(7945, 1, 6, 9),
(7946, 10, 5, 9),
(7947, 7, 2, 6),
(7948, 4, 2, 7),
(7949, 9, 8, 7),
(7950, 4, 6, 8),
(7951, 1, 9, 1),
(7952, 4, 9, 7),
(7953, 7, 2, 7),
(7954, 8, 10, 4),
(7955, 7, 8, 1),
(7956, 4, 7, 6),
(7957, 2, 4, 6),
(7958, 5, 2, 5),
(7959, 6, 1, 1),
(7960, 1, 5, 8),
(7961, 10, 10, 7),
(7962, 1, 10, 3),
(7963, 9, 10, 9),
(7964, 6, 7, 9),
(7965, 8, 8, 2),
(7966, 1, 6, 6),
(7967, 5, 3, 3),
(7968, 6, 5, 8),
(7969, 1, 2, 3),
(7970, 4, 6, 5),
(7971, 6, 4, 4),
(7972, 9, 6, 4),
(7973, 1, 7, 10),
(7974, 4, 4, 5),
(7975, 7, 7, 3),
(7976, 10, 8, 5),
(7977, 7, 4, 2),
(7978, 1, 7, 3),
(7979, 8, 4, 1),
(7980, 5, 7, 4),
(7981, 8, 8, 5),
(7982, 2, 6, 5),
(7983, 5, 5, 7),
(7984, 9, 5, 5),
(7985, 9, 10, 9),
(7986, 8, 5, 2),
(7987, 6, 6, 2),
(7988, 7, 4, 3),
(7989, 10, 9, 2),
(7990, 7, 5, 6),
(7991, 6, 1, 6),
(7992, 1, 6, 1),
(7993, 3, 5, 8),
(7994, 4, 5, 1),
(7995, 1, 6, 7),
(7996, 8, 6, 8),
(7997, 7, 6, 8),
(7998, 7, 5, 5),
(7999, 7, 7, 8),
(8000, 8, 1, 3),
(8001, 5, 5, 9),
(8002, 8, 8, 6),
(8003, 2, 9, 1),
(8004, 8, 5, 4),
(8005, 8, 1, 2),
(8006, 4, 3, 8),
(8007, 3, 3, 8),
(8008, 4, 3, 5),
(8009, 10, 10, 7),
(8010, 8, 3, 9),
(8011, 6, 8, 10),
(8012, 2, 5, 3),
(8013, 6, 5, 2),
(8014, 5, 1, 10),
(8015, 10, 9, 5),
(8016, 6, 3, 7),
(8017, 9, 5, 2),
(8018, 5, 3, 4),
(8019, 10, 10, 1),
(8020, 9, 10, 6),
(8021, 6, 5, 5),
(8022, 9, 2, 1),
(8023, 4, 7, 2),
(8024, 2, 8, 8),
(8025, 6, 9, 8),
(8026, 10, 4, 2),
(8027, 7, 4, 5),
(8028, 8, 8, 10),
(8029, 1, 10, 6),
(8030, 8, 5, 6),
(8031, 10, 4, 2),
(8032, 3, 10, 7),
(8033, 10, 6, 8),
(8034, 6, 5, 6),
(8035, 10, 5, 1),
(8036, 4, 1, 4),
(8037, 3, 4, 9),
(8038, 1, 6, 2),
(8039, 10, 2, 7),
(8040, 8, 1, 5),
(8041, 8, 3, 4),
(8042, 6, 4, 9),
(8043, 2, 2, 5),
(8044, 9, 7, 10),
(8045, 9, 10, 10),
(8046, 1, 8, 3),
(8047, 7, 2, 9),
(8048, 10, 4, 6),
(8049, 1, 10, 5),
(8050, 2, 10, 10),
(8051, 5, 4, 7),
(8052, 5, 4, 5),
(8053, 3, 7, 3),
(8054, 5, 7, 8),
(8055, 9, 9, 9),
(8056, 8, 10, 8),
(8057, 1, 9, 7),
(8058, 6, 6, 8),
(8059, 9, 2, 4),
(8060, 9, 2, 7),
(8061, 1, 10, 4),
(8062, 2, 2, 6),
(8063, 10, 4, 7),
(8064, 4, 2, 10),
(8065, 5, 9, 8),
(8066, 8, 1, 6),
(8067, 7, 10, 9),
(8068, 2, 5, 1),
(8069, 7, 4, 10),
(8070, 1, 8, 1),
(8071, 10, 2, 7),
(8072, 2, 6, 10),
(8073, 6, 10, 8),
(8074, 10, 2, 9),
(8075, 1, 2, 1),
(8076, 9, 2, 3),
(8077, 6, 10, 3),
(8078, 7, 9, 1),
(8079, 10, 10, 9),
(8080, 3, 5, 1),
(8081, 10, 1, 4),
(8082, 7, 9, 5),
(8083, 9, 5, 9),
(8084, 1, 10, 3),
(8085, 2, 10, 6),
(8086, 5, 5, 3),
(8087, 1, 9, 9),
(8088, 10, 2, 10),
(8089, 5, 6, 10),
(8090, 10, 7, 7),
(8091, 9, 6, 5),
(8092, 4, 6, 1),
(8093, 4, 9, 4),
(8094, 9, 5, 4),
(8095, 2, 7, 8),
(8096, 10, 9, 7),
(8097, 3, 5, 8),
(8098, 5, 3, 7),
(8099, 5, 7, 10),
(8100, 1, 6, 10),
(8101, 6, 9, 8),
(8102, 4, 4, 8),
(8103, 8, 6, 10),
(8104, 9, 10, 8),
(8105, 2, 5, 6),
(8106, 5, 8, 8),
(8107, 5, 5, 7),
(8108, 7, 2, 9),
(8109, 8, 2, 9),
(8110, 3, 6, 1),
(8111, 10, 2, 5),
(8112, 4, 3, 9),
(8113, 10, 5, 6),
(8114, 4, 4, 1),
(8115, 9, 9, 10),
(8116, 4, 7, 10),
(8117, 9, 2, 1),
(8118, 1, 3, 4),
(8119, 9, 4, 9),
(8120, 7, 10, 10),
(8121, 2, 7, 8),
(8122, 9, 8, 9),
(8123, 7, 3, 5),
(8124, 7, 4, 5),
(8125, 7, 5, 7),
(8126, 6, 6, 1),
(8127, 2, 2, 5),
(8128, 1, 5, 5),
(8129, 2, 2, 1),
(8130, 8, 5, 8),
(8131, 2, 7, 4),
(8132, 1, 7, 2),
(8133, 9, 2, 6),
(8134, 1, 9, 3),
(8135, 1, 1, 10),
(8136, 9, 5, 6),
(8137, 5, 6, 9),
(8138, 10, 1, 5),
(8139, 8, 3, 10),
(8140, 10, 9, 5),
(8141, 6, 4, 4),
(8142, 4, 8, 2),
(8143, 5, 9, 8),
(8144, 3, 7, 5),
(8145, 5, 3, 1),
(8146, 10, 4, 10),
(8147, 6, 9, 3),
(8148, 5, 4, 2),
(8149, 6, 7, 9),
(8150, 5, 3, 5),
(8151, 1, 3, 1),
(8152, 4, 10, 5),
(8153, 4, 8, 1),
(8154, 3, 8, 2),
(8155, 8, 7, 7),
(8156, 7, 3, 4),
(8157, 9, 8, 10),
(8158, 3, 4, 1),
(8159, 5, 2, 4),
(8160, 4, 4, 10),
(8161, 5, 2, 2),
(8162, 4, 4, 10),
(8163, 6, 6, 2),
(8164, 8, 7, 4),
(8165, 3, 2, 1),
(8166, 10, 8, 3),
(8167, 4, 6, 4),
(8168, 2, 8, 4),
(8169, 10, 7, 7),
(8170, 6, 8, 7),
(8171, 4, 2, 2),
(8172, 2, 4, 4),
(8173, 2, 2, 10),
(8174, 7, 3, 3),
(8175, 3, 3, 6),
(8176, 4, 10, 5),
(8177, 4, 3, 9),
(8178, 4, 7, 10),
(8179, 7, 3, 10),
(8180, 8, 5, 10),
(8181, 7, 8, 2),
(8182, 2, 5, 3),
(8183, 8, 8, 9),
(8184, 8, 10, 3),
(8185, 7, 4, 8),
(8186, 10, 2, 6),
(8187, 10, 8, 8),
(8188, 8, 2, 2),
(8189, 1, 5, 5),
(8190, 1, 5, 2),
(8191, 3, 10, 6),
(8192, 7, 9, 2),
(8193, 9, 7, 4),
(8194, 9, 2, 5),
(8195, 7, 10, 1),
(8196, 7, 10, 3),
(8197, 6, 5, 1),
(8198, 3, 1, 2),
(8199, 4, 1, 6),
(8200, 5, 2, 5),
(8201, 9, 9, 2),
(8202, 2, 3, 8),
(8203, 8, 8, 6),
(8204, 6, 10, 2),
(8205, 9, 9, 10),
(8206, 5, 8, 3),
(8207, 2, 7, 8),
(8208, 6, 7, 1),
(8209, 10, 7, 9),
(8210, 9, 6, 10),
(8211, 4, 7, 5),
(8212, 3, 2, 7),
(8213, 5, 7, 10),
(8214, 7, 3, 7),
(8215, 6, 2, 1),
(8216, 5, 4, 6),
(8217, 3, 2, 7),
(8218, 6, 4, 10),
(8219, 5, 9, 5),
(8220, 9, 10, 10),
(8221, 1, 4, 2),
(8222, 1, 5, 2),
(8223, 5, 8, 7),
(8224, 2, 1, 1),
(8225, 1, 1, 10),
(8226, 5, 4, 4),
(8227, 6, 5, 10),
(8228, 4, 8, 9),
(8229, 4, 5, 1),
(8230, 8, 2, 6),
(8231, 7, 3, 6),
(8232, 8, 7, 6),
(8233, 4, 2, 6),
(8234, 1, 5, 7),
(8235, 7, 1, 6),
(8236, 7, 5, 10),
(8237, 8, 9, 9),
(8238, 2, 10, 9),
(8239, 3, 10, 4),
(8240, 10, 3, 7),
(8241, 1, 9, 1),
(8242, 6, 4, 8),
(8243, 5, 7, 9),
(8244, 5, 2, 10),
(8245, 10, 3, 5),
(8246, 6, 3, 9),
(8247, 1, 6, 6),
(8248, 2, 9, 3),
(8249, 10, 10, 8),
(8250, 10, 9, 8),
(8251, 5, 2, 10),
(8252, 7, 8, 8),
(8253, 9, 1, 4),
(8254, 3, 9, 3),
(8255, 4, 3, 6),
(8256, 5, 10, 8),
(8257, 7, 6, 2),
(8258, 6, 5, 5),
(8259, 4, 8, 8),
(8260, 7, 1, 9),
(8261, 5, 9, 9),
(8262, 6, 5, 5),
(8263, 7, 1, 8),
(8264, 6, 6, 10),
(8265, 1, 3, 2),
(8266, 8, 8, 8),
(8267, 4, 1, 4),
(8268, 10, 4, 8),
(8269, 3, 2, 7),
(8270, 1, 1, 5),
(8271, 9, 7, 2),
(8272, 7, 6, 6),
(8273, 7, 7, 6),
(8274, 8, 1, 5),
(8275, 2, 3, 2),
(8276, 10, 5, 10),
(8277, 7, 2, 10),
(8278, 7, 10, 4),
(8279, 5, 7, 5),
(8280, 5, 1, 9),
(8281, 10, 2, 4),
(8282, 5, 6, 7),
(8283, 6, 6, 9),
(8284, 2, 5, 8),
(8285, 5, 1, 8),
(8286, 3, 5, 7),
(8287, 7, 5, 7),
(8288, 1, 1, 9),
(8289, 7, 3, 1),
(8290, 6, 3, 6),
(8291, 4, 10, 6),
(8292, 9, 7, 3),
(8293, 1, 6, 5),
(8294, 5, 6, 9),
(8295, 10, 1, 8),
(8296, 4, 3, 4),
(8297, 2, 1, 7),
(8298, 7, 5, 10),
(8299, 3, 9, 9),
(8300, 6, 2, 7),
(8301, 7, 4, 1),
(8302, 2, 6, 3),
(8303, 8, 8, 7),
(8304, 8, 3, 3),
(8305, 4, 4, 1),
(8306, 9, 4, 5),
(8307, 8, 6, 9),
(8308, 1, 8, 2),
(8309, 7, 3, 3),
(8310, 2, 1, 4),
(8311, 5, 5, 10),
(8312, 8, 5, 3),
(8313, 7, 8, 10),
(8314, 5, 10, 1),
(8315, 10, 8, 5),
(8316, 5, 8, 8),
(8317, 7, 2, 10),
(8318, 5, 4, 8),
(8319, 8, 7, 6),
(8320, 6, 4, 1),
(8321, 8, 6, 5),
(8322, 1, 2, 1),
(8323, 7, 2, 10),
(8324, 5, 8, 6),
(8325, 1, 8, 10),
(8326, 1, 3, 7),
(8327, 6, 1, 4),
(8328, 5, 8, 10),
(8329, 5, 10, 3),
(8330, 10, 8, 2),
(8331, 10, 10, 9),
(8332, 2, 10, 2),
(8333, 9, 10, 2),
(8334, 2, 4, 5),
(8335, 6, 2, 3),
(8336, 2, 8, 5),
(8337, 2, 10, 8),
(8338, 1, 6, 9),
(8339, 5, 10, 2),
(8340, 6, 7, 6),
(8341, 2, 8, 5),
(8342, 10, 1, 5),
(8343, 3, 6, 10),
(8344, 3, 7, 3),
(8345, 1, 3, 9),
(8346, 10, 3, 9),
(8347, 8, 7, 1),
(8348, 8, 1, 1),
(8349, 4, 5, 7),
(8350, 10, 9, 8),
(8351, 5, 9, 4),
(8352, 4, 3, 5),
(8353, 3, 1, 8),
(8354, 9, 7, 7),
(8355, 5, 10, 6),
(8356, 7, 4, 10),
(8357, 6, 4, 5),
(8358, 7, 6, 8),
(8359, 4, 2, 5),
(8360, 6, 10, 1),
(8361, 5, 2, 2),
(8362, 5, 7, 9),
(8363, 3, 8, 9),
(8364, 8, 7, 1),
(8365, 6, 1, 5),
(8366, 3, 1, 7),
(8367, 6, 9, 7),
(8368, 5, 7, 6),
(8369, 3, 8, 3),
(8370, 4, 6, 2),
(8371, 3, 6, 10),
(8372, 2, 9, 6),
(8373, 2, 6, 7),
(8374, 8, 1, 10),
(8375, 2, 1, 10),
(8376, 3, 9, 7),
(8377, 10, 5, 3),
(8378, 2, 6, 2),
(8379, 2, 5, 10),
(8380, 4, 5, 9),
(8381, 3, 8, 2),
(8382, 7, 10, 7),
(8383, 4, 8, 10),
(8384, 5, 2, 10),
(8385, 2, 10, 10),
(8386, 5, 3, 6),
(8387, 5, 2, 6),
(8388, 7, 8, 6),
(8389, 7, 3, 6),
(8390, 9, 2, 8),
(8391, 8, 3, 7),
(8392, 9, 4, 10),
(8393, 2, 10, 8),
(8394, 6, 2, 4),
(8395, 4, 6, 7),
(8396, 3, 5, 2),
(8397, 4, 10, 9),
(8398, 1, 1, 6),
(8399, 7, 2, 9),
(8400, 5, 4, 6),
(8401, 10, 10, 9),
(8402, 4, 10, 10),
(8403, 10, 9, 1),
(8404, 10, 4, 8),
(8405, 9, 4, 8),
(8406, 8, 6, 5),
(8407, 5, 3, 1),
(8408, 10, 2, 7),
(8409, 10, 4, 3),
(8410, 2, 8, 1),
(8411, 6, 4, 9),
(8412, 6, 2, 3),
(8413, 3, 8, 8),
(8414, 4, 4, 8),
(8415, 5, 1, 4),
(8416, 9, 3, 4),
(8417, 9, 8, 6),
(8418, 1, 6, 6),
(8419, 4, 6, 5),
(8420, 1, 7, 8),
(8421, 6, 4, 5),
(8422, 5, 5, 6),
(8423, 8, 7, 10),
(8424, 6, 1, 1),
(8425, 5, 7, 10),
(8426, 5, 2, 7),
(8427, 5, 10, 1),
(8428, 6, 3, 6),
(8429, 2, 4, 4),
(8430, 4, 5, 8),
(8431, 6, 5, 1),
(8432, 2, 8, 4),
(8433, 1, 9, 4),
(8434, 9, 7, 9),
(8435, 10, 4, 7),
(8436, 2, 1, 8),
(8437, 5, 4, 4),
(8438, 3, 2, 5),
(8439, 3, 7, 10),
(8440, 2, 5, 8),
(8441, 8, 3, 5),
(8442, 9, 1, 2),
(8443, 2, 7, 3),
(8444, 7, 3, 1),
(8445, 2, 8, 6),
(8446, 1, 7, 8),
(8447, 4, 1, 1),
(8448, 3, 7, 6),
(8449, 10, 8, 3),
(8450, 2, 8, 6),
(8451, 6, 6, 3),
(8452, 4, 5, 6),
(8453, 4, 3, 8),
(8454, 6, 1, 7),
(8455, 6, 1, 8),
(8456, 1, 1, 10),
(8457, 4, 10, 3),
(8458, 5, 7, 2),
(8459, 7, 8, 2),
(8460, 2, 8, 8),
(8461, 3, 5, 9),
(8462, 1, 8, 7),
(8463, 8, 5, 5),
(8464, 9, 5, 1),
(8465, 8, 7, 10),
(8466, 8, 10, 10),
(8467, 1, 9, 5),
(8468, 1, 8, 10),
(8469, 4, 5, 10),
(8470, 1, 7, 7),
(8471, 1, 5, 7),
(8472, 2, 5, 8),
(8473, 2, 10, 6),
(8474, 10, 10, 1),
(8475, 5, 4, 2),
(8476, 3, 5, 10),
(8477, 7, 5, 6),
(8478, 6, 10, 3),
(8479, 5, 1, 1),
(8480, 9, 6, 7),
(8481, 10, 7, 2),
(8482, 1, 8, 4),
(8483, 10, 9, 3),
(8484, 4, 5, 1),
(8485, 3, 6, 1),
(8486, 9, 9, 5),
(8487, 5, 1, 9),
(8488, 6, 7, 7),
(8489, 10, 1, 4),
(8490, 2, 7, 1),
(8491, 8, 6, 4),
(8492, 3, 1, 5),
(8493, 10, 4, 9),
(8494, 10, 5, 9),
(8495, 5, 9, 7),
(8496, 5, 6, 9),
(8497, 9, 8, 3),
(8498, 2, 4, 9),
(8499, 1, 2, 1),
(8500, 5, 4, 5),
(8501, 9, 8, 1),
(8502, 10, 9, 6),
(8503, 10, 6, 9),
(8504, 8, 3, 1),
(8505, 7, 4, 1),
(8506, 2, 9, 1),
(8507, 3, 1, 4),
(8508, 3, 2, 10),
(8509, 2, 3, 5),
(8510, 1, 2, 6),
(8511, 9, 10, 3),
(8512, 5, 1, 5),
(8513, 6, 10, 2),
(8514, 6, 1, 6),
(8515, 3, 2, 4),
(8516, 6, 3, 2),
(8517, 4, 10, 4),
(8518, 8, 4, 6),
(8519, 7, 4, 5),
(8520, 5, 4, 8),
(8521, 7, 6, 4),
(8522, 5, 1, 3),
(8523, 4, 2, 7),
(8524, 3, 2, 2),
(8525, 7, 1, 2),
(8526, 2, 7, 2),
(8527, 3, 6, 1),
(8528, 8, 1, 4),
(8529, 2, 9, 7),
(8530, 4, 1, 4),
(8531, 6, 8, 2),
(8532, 3, 2, 4),
(8533, 6, 8, 7),
(8534, 6, 10, 10),
(8535, 3, 4, 5),
(8536, 8, 4, 7),
(8537, 2, 3, 2),
(8538, 7, 1, 2),
(8539, 5, 9, 5),
(8540, 5, 4, 5),
(8541, 5, 4, 1),
(8542, 3, 2, 6),
(8543, 9, 3, 6),
(8544, 1, 5, 9),
(8545, 6, 7, 4),
(8546, 3, 7, 4),
(8547, 8, 6, 5),
(8548, 10, 3, 7),
(8549, 4, 4, 7),
(8550, 1, 3, 3),
(8551, 7, 2, 3),
(8552, 10, 8, 2),
(8553, 1, 8, 3),
(8554, 5, 7, 5),
(8555, 6, 3, 6),
(8556, 10, 9, 10),
(8557, 4, 9, 1),
(8558, 2, 6, 3),
(8559, 6, 7, 3),
(8560, 5, 10, 1),
(8561, 10, 9, 10),
(8562, 7, 2, 8),
(8563, 7, 5, 1),
(8564, 9, 10, 2),
(8565, 10, 7, 7),
(8566, 4, 2, 1),
(8567, 8, 1, 2),
(8568, 2, 4, 6),
(8569, 2, 9, 5),
(8570, 3, 4, 7),
(8571, 9, 4, 10),
(8572, 5, 4, 2),
(8573, 10, 7, 5),
(8574, 1, 6, 6),
(8575, 4, 3, 4),
(8576, 7, 4, 6),
(8577, 9, 7, 8),
(8578, 1, 1, 6),
(8579, 5, 4, 8),
(8580, 5, 6, 6),
(8581, 6, 10, 1),
(8582, 5, 10, 1),
(8583, 1, 9, 6),
(8584, 5, 2, 1),
(8585, 5, 9, 1),
(8586, 6, 1, 1),
(8587, 8, 7, 2),
(8588, 10, 5, 1),
(8589, 3, 10, 5),
(8590, 2, 3, 7),
(8591, 4, 8, 6),
(8592, 7, 6, 1),
(8593, 6, 8, 4),
(8594, 5, 2, 6),
(8595, 10, 10, 8),
(8596, 5, 4, 4),
(8597, 9, 8, 1),
(8598, 1, 5, 7),
(8599, 5, 9, 6),
(8600, 6, 8, 5),
(8601, 10, 3, 1),
(8602, 7, 2, 6),
(8603, 6, 1, 2),
(8604, 5, 2, 9),
(8605, 4, 10, 2),
(8606, 4, 5, 7),
(8607, 9, 10, 5),
(8608, 1, 6, 3),
(8609, 6, 3, 4),
(8610, 3, 6, 9),
(8611, 1, 4, 1),
(8612, 10, 7, 7),
(8613, 7, 8, 3),
(8614, 10, 6, 7),
(8615, 3, 6, 5),
(8616, 5, 8, 3),
(8617, 7, 3, 8),
(8618, 2, 9, 6),
(8619, 7, 3, 2),
(8620, 2, 3, 4),
(8621, 3, 10, 6),
(8622, 1, 7, 3),
(8623, 3, 2, 4),
(8624, 6, 6, 8),
(8625, 6, 10, 1),
(8626, 3, 1, 7),
(8627, 8, 3, 5),
(8628, 4, 4, 9),
(8629, 8, 5, 9),
(8630, 10, 9, 7),
(8631, 1, 6, 10),
(8632, 3, 1, 6),
(8633, 10, 4, 8),
(8634, 4, 4, 10),
(8635, 6, 6, 9),
(8636, 8, 2, 10),
(8637, 7, 4, 2),
(8638, 3, 4, 6),
(8639, 10, 4, 1),
(8640, 2, 8, 6),
(8641, 4, 4, 9),
(8642, 7, 4, 7),
(8643, 3, 7, 2),
(8644, 9, 6, 5),
(8645, 10, 7, 6),
(8646, 5, 6, 5),
(8647, 10, 3, 3),
(8648, 6, 9, 7),
(8649, 8, 4, 4),
(8650, 3, 7, 9),
(8651, 4, 3, 10),
(8652, 10, 4, 10),
(8653, 7, 7, 3),
(8654, 9, 8, 5),
(8655, 7, 10, 1),
(8656, 2, 9, 10),
(8657, 8, 1, 7),
(8658, 6, 10, 5),
(8659, 4, 2, 6),
(8660, 3, 7, 3),
(8661, 1, 7, 2),
(8662, 8, 4, 7),
(8663, 4, 2, 2),
(8664, 10, 7, 7),
(8665, 4, 1, 7),
(8666, 4, 4, 1),
(8667, 1, 10, 7),
(8668, 6, 6, 2),
(8669, 7, 10, 4),
(8670, 6, 7, 3),
(8671, 3, 10, 2),
(8672, 1, 4, 8),
(8673, 9, 3, 5),
(8674, 5, 7, 7),
(8675, 6, 5, 2),
(8676, 10, 10, 1),
(8677, 9, 2, 8),
(8678, 9, 3, 8),
(8679, 5, 10, 5),
(8680, 1, 3, 10),
(8681, 8, 2, 4),
(8682, 4, 6, 9),
(8683, 10, 9, 2),
(8684, 9, 1, 9),
(8685, 7, 8, 9),
(8686, 7, 8, 10),
(8687, 5, 4, 7),
(8688, 1, 7, 7),
(8689, 8, 2, 8),
(8690, 7, 6, 1),
(8691, 2, 2, 6),
(8692, 8, 8, 7),
(8693, 8, 9, 8),
(8694, 6, 5, 4),
(8695, 5, 10, 1),
(8696, 3, 6, 7),
(8697, 3, 8, 1),
(8698, 6, 1, 3),
(8699, 4, 3, 8),
(8700, 3, 6, 9),
(8701, 9, 7, 1),
(8702, 2, 8, 2),
(8703, 4, 7, 1),
(8704, 9, 2, 2),
(8705, 9, 5, 8),
(8706, 10, 10, 6),
(8707, 9, 7, 9),
(8708, 4, 5, 5),
(8709, 1, 10, 10),
(8710, 2, 1, 1),
(8711, 10, 1, 7),
(8712, 7, 8, 1),
(8713, 6, 5, 10),
(8714, 8, 9, 8),
(8715, 3, 7, 4),
(8716, 4, 2, 1),
(8717, 10, 3, 5),
(8718, 1, 2, 4),
(8719, 8, 9, 10),
(8720, 7, 4, 8),
(8721, 6, 3, 8),
(8722, 8, 7, 9),
(8723, 6, 7, 3),
(8724, 1, 9, 9),
(8725, 2, 9, 7),
(8726, 10, 1, 5),
(8727, 6, 8, 5),
(8728, 1, 10, 9),
(8729, 4, 7, 9),
(8730, 2, 1, 4),
(8731, 8, 5, 3),
(8732, 7, 7, 9),
(8733, 1, 8, 1),
(8734, 8, 4, 1),
(8735, 4, 8, 9),
(8736, 2, 1, 1),
(8737, 9, 1, 9),
(8738, 8, 5, 3),
(8739, 3, 5, 4),
(8740, 6, 2, 2),
(8741, 10, 9, 2),
(8742, 1, 4, 10),
(8743, 10, 4, 6),
(8744, 3, 1, 3),
(8745, 6, 3, 1),
(8746, 10, 2, 2),
(8747, 7, 4, 2),
(8748, 4, 8, 7),
(8749, 10, 7, 4),
(8750, 5, 10, 1),
(8751, 6, 10, 3),
(8752, 8, 8, 8),
(8753, 2, 9, 2),
(8754, 8, 3, 7),
(8755, 9, 7, 7),
(8756, 7, 5, 10),
(8757, 5, 4, 2),
(8758, 1, 2, 6),
(8759, 2, 6, 8),
(8760, 8, 7, 5),
(8761, 1, 5, 4),
(8762, 10, 3, 2),
(8763, 5, 7, 1),
(8764, 1, 4, 1),
(8765, 7, 5, 8),
(8766, 4, 9, 1),
(8767, 9, 7, 5),
(8768, 7, 10, 10),
(8769, 9, 1, 6),
(8770, 7, 4, 1),
(8771, 10, 3, 1),
(8772, 2, 10, 5),
(8773, 5, 8, 8),
(8774, 10, 8, 9),
(8775, 4, 4, 2),
(8776, 2, 8, 2),
(8777, 3, 9, 5),
(8778, 9, 4, 5),
(8779, 4, 8, 3),
(8780, 10, 1, 6),
(8781, 7, 3, 2),
(8782, 9, 10, 10),
(8783, 5, 9, 1),
(8784, 1, 5, 9),
(8785, 10, 1, 5),
(8786, 8, 9, 1),
(8787, 3, 1, 6),
(8788, 5, 4, 8),
(8789, 1, 7, 4),
(8790, 9, 3, 10),
(8791, 6, 7, 7),
(8792, 5, 6, 5),
(8793, 8, 9, 9),
(8794, 9, 5, 3),
(8795, 4, 1, 3),
(8796, 7, 3, 6),
(8797, 10, 9, 5),
(8798, 5, 8, 9),
(8799, 7, 4, 10),
(8800, 2, 8, 10),
(8801, 8, 5, 3),
(8802, 2, 7, 9),
(8803, 7, 6, 8),
(8804, 7, 4, 2),
(8805, 1, 8, 3),
(8806, 2, 2, 9),
(8807, 4, 2, 1),
(8808, 7, 8, 6),
(8809, 8, 4, 1),
(8810, 8, 8, 3),
(8811, 2, 9, 7),
(8812, 7, 6, 1),
(8813, 6, 7, 4),
(8814, 4, 6, 7),
(8815, 7, 8, 9),
(8816, 8, 9, 4),
(8817, 8, 3, 9),
(8818, 3, 1, 5),
(8819, 1, 6, 6),
(8820, 8, 5, 10),
(8821, 7, 7, 1),
(8822, 10, 6, 4),
(8823, 1, 4, 6),
(8824, 10, 3, 6),
(8825, 10, 3, 1),
(8826, 1, 10, 2),
(8827, 3, 6, 5),
(8828, 2, 5, 5),
(8829, 10, 7, 5),
(8830, 9, 6, 7),
(8831, 4, 8, 6),
(8832, 7, 8, 3),
(8833, 10, 10, 4),
(8834, 9, 10, 6),
(8835, 8, 8, 1),
(8836, 7, 6, 2),
(8837, 10, 8, 1),
(8838, 7, 10, 9),
(8839, 3, 6, 10),
(8840, 5, 7, 7),
(8841, 4, 1, 4),
(8842, 2, 5, 5),
(8843, 1, 4, 7),
(8844, 2, 5, 5),
(8845, 7, 3, 9),
(8846, 1, 4, 6),
(8847, 10, 3, 7),
(8848, 1, 8, 10),
(8849, 8, 3, 10),
(8850, 9, 7, 4),
(8851, 10, 10, 6),
(8852, 7, 2, 1),
(8853, 4, 2, 4),
(8854, 6, 5, 4),
(8855, 7, 2, 1),
(8856, 1, 7, 10),
(8857, 2, 9, 5),
(8858, 4, 6, 8),
(8859, 7, 8, 4),
(8860, 3, 9, 1),
(8861, 10, 7, 5),
(8862, 6, 3, 5),
(8863, 1, 3, 5),
(8864, 8, 5, 3),
(8865, 1, 4, 1),
(8866, 2, 9, 10),
(8867, 1, 2, 2),
(8868, 7, 10, 6),
(8869, 1, 8, 5),
(8870, 5, 7, 9),
(8871, 8, 7, 4),
(8872, 1, 1, 8),
(8873, 2, 1, 3),
(8874, 2, 10, 3),
(8875, 6, 9, 9),
(8876, 7, 8, 2),
(8877, 10, 3, 5),
(8878, 10, 5, 1),
(8879, 9, 10, 1),
(8880, 1, 6, 1),
(8881, 2, 10, 6),
(8882, 10, 2, 1),
(8883, 3, 5, 9),
(8884, 7, 10, 7),
(8885, 10, 6, 9),
(8886, 5, 2, 2),
(8887, 4, 2, 4),
(8888, 2, 6, 10),
(8889, 5, 6, 4),
(8890, 9, 8, 7),
(8891, 6, 5, 9),
(8892, 3, 4, 3),
(8893, 1, 2, 4),
(8894, 1, 4, 7),
(8895, 10, 9, 3),
(8896, 8, 10, 8),
(8897, 3, 6, 1),
(8898, 2, 4, 6),
(8899, 1, 6, 7),
(8900, 9, 9, 9),
(8901, 1, 1, 1),
(8902, 6, 2, 1),
(8903, 4, 1, 4),
(8904, 10, 2, 5),
(8905, 7, 7, 6),
(8906, 8, 6, 7),
(8907, 8, 8, 5),
(8908, 2, 7, 6),
(8909, 4, 1, 1),
(8910, 1, 9, 9),
(8911, 10, 7, 10),
(8912, 7, 2, 6),
(8913, 2, 8, 10),
(8914, 9, 10, 3),
(8915, 10, 2, 2),
(8916, 2, 9, 1),
(8917, 10, 9, 10),
(8918, 1, 6, 2),
(8919, 10, 6, 6),
(8920, 10, 1, 3),
(8921, 5, 4, 4),
(8922, 9, 10, 5),
(8923, 6, 2, 1),
(8924, 7, 1, 5),
(8925, 8, 9, 8),
(8926, 6, 7, 10),
(8927, 4, 10, 3),
(8928, 10, 4, 2),
(8929, 8, 1, 6),
(8930, 8, 2, 9),
(8931, 1, 7, 7),
(8932, 5, 5, 1),
(8933, 3, 9, 2),
(8934, 7, 5, 9),
(8935, 8, 10, 2),
(8936, 1, 9, 6),
(8937, 4, 6, 1),
(8938, 2, 3, 9),
(8939, 10, 5, 7),
(8940, 1, 5, 10),
(8941, 8, 10, 4),
(8942, 6, 6, 3),
(8943, 5, 5, 3),
(8944, 4, 2, 9),
(8945, 8, 7, 6),
(8946, 10, 9, 9),
(8947, 3, 7, 1),
(8948, 1, 9, 8),
(8949, 3, 2, 2),
(8950, 4, 3, 6),
(8951, 3, 10, 2),
(8952, 2, 1, 2),
(8953, 4, 2, 6),
(8954, 3, 9, 9),
(8955, 1, 1, 1),
(8956, 10, 2, 10),
(8957, 5, 1, 1),
(8958, 4, 8, 10),
(8959, 6, 4, 3),
(8960, 8, 2, 2),
(8961, 8, 1, 6),
(8962, 4, 9, 1),
(8963, 6, 2, 8),
(8964, 6, 4, 8),
(8965, 10, 4, 2),
(8966, 6, 9, 7),
(8967, 1, 1, 6),
(8968, 2, 6, 5),
(8969, 4, 8, 7),
(8970, 7, 2, 6),
(8971, 9, 4, 9),
(8972, 10, 4, 10),
(8973, 8, 1, 9),
(8974, 6, 6, 9),
(8975, 4, 3, 9),
(8976, 4, 6, 2),
(8977, 5, 9, 6),
(8978, 4, 8, 7),
(8979, 10, 2, 2),
(8980, 4, 10, 7),
(8981, 2, 8, 8),
(8982, 1, 5, 7),
(8983, 4, 7, 4),
(8984, 7, 6, 1),
(8985, 1, 6, 7),
(8986, 3, 6, 1),
(8987, 3, 4, 3),
(8988, 6, 1, 8),
(8989, 5, 6, 9),
(8990, 10, 7, 7),
(8991, 2, 4, 6),
(8992, 3, 4, 8),
(8993, 2, 5, 3),
(8994, 3, 3, 3),
(8995, 3, 9, 8),
(8996, 8, 1, 6),
(8997, 9, 4, 3),
(8998, 6, 2, 7),
(8999, 8, 7, 3),
(9000, 9, 3, 2),
(9001, 3, 2, 10),
(9002, 8, 4, 3),
(9003, 5, 4, 1),
(9004, 8, 3, 9),
(9005, 8, 5, 1),
(9006, 8, 1, 4),
(9007, 5, 9, 1),
(9008, 2, 6, 6),
(9009, 7, 6, 8),
(9010, 4, 5, 4),
(9011, 10, 7, 6),
(9012, 6, 10, 9),
(9013, 9, 7, 10),
(9014, 1, 4, 7),
(9015, 6, 5, 4),
(9016, 5, 9, 1),
(9017, 4, 10, 4),
(9018, 5, 4, 3),
(9019, 8, 7, 9),
(9020, 10, 7, 6),
(9021, 6, 7, 8),
(9022, 9, 8, 8),
(9023, 9, 2, 2),
(9024, 10, 9, 10),
(9025, 9, 9, 7),
(9026, 4, 10, 5),
(9027, 9, 7, 8),
(9028, 10, 4, 4),
(9029, 9, 9, 10),
(9030, 3, 9, 3),
(9031, 4, 5, 7),
(9032, 8, 10, 2),
(9033, 7, 3, 3),
(9034, 10, 6, 8),
(9035, 4, 8, 6),
(9036, 7, 10, 9),
(9037, 2, 10, 8),
(9038, 10, 10, 9),
(9039, 6, 5, 6),
(9040, 7, 10, 8),
(9041, 8, 1, 3),
(9042, 4, 8, 2),
(9043, 8, 5, 6),
(9044, 10, 9, 4),
(9045, 7, 5, 6),
(9046, 6, 9, 10),
(9047, 6, 2, 10),
(9048, 9, 8, 5),
(9049, 3, 4, 8),
(9050, 5, 10, 8),
(9051, 1, 6, 5),
(9052, 3, 5, 6),
(9053, 7, 6, 6),
(9054, 10, 7, 3),
(9055, 3, 1, 8),
(9056, 2, 3, 10),
(9057, 1, 9, 10),
(9058, 4, 5, 9),
(9059, 1, 6, 1),
(9060, 6, 7, 4),
(9061, 7, 9, 6),
(9062, 9, 5, 9),
(9063, 5, 8, 7),
(9064, 3, 5, 6),
(9065, 2, 2, 6),
(9066, 4, 7, 4),
(9067, 2, 8, 10),
(9068, 8, 8, 2),
(9069, 5, 4, 9),
(9070, 5, 7, 4),
(9071, 10, 2, 3),
(9072, 6, 6, 7),
(9073, 2, 5, 8),
(9074, 10, 6, 6),
(9075, 2, 1, 1),
(9076, 1, 7, 2),
(9077, 7, 10, 7),
(9078, 8, 1, 8),
(9079, 3, 5, 9),
(9080, 1, 3, 8),
(9081, 5, 6, 7),
(9082, 4, 2, 2),
(9083, 6, 7, 6),
(9084, 4, 3, 10),
(9085, 9, 6, 4),
(9086, 8, 3, 5),
(9087, 2, 4, 7),
(9088, 10, 5, 10),
(9089, 5, 4, 2),
(9090, 6, 9, 6),
(9091, 6, 8, 2),
(9092, 9, 4, 8),
(9093, 9, 9, 3),
(9094, 3, 6, 3),
(9095, 1, 7, 2),
(9096, 6, 7, 2),
(9097, 5, 1, 2),
(9098, 10, 2, 3),
(9099, 2, 4, 6),
(9100, 8, 6, 8),
(9101, 8, 9, 3),
(9102, 1, 2, 7),
(9103, 6, 1, 8),
(9104, 1, 6, 7),
(9105, 1, 3, 6),
(9106, 3, 7, 7),
(9107, 4, 4, 7),
(9108, 9, 4, 6),
(9109, 3, 3, 4),
(9110, 4, 7, 2),
(9111, 5, 1, 8),
(9112, 4, 9, 9),
(9113, 6, 5, 5),
(9114, 3, 9, 8),
(9115, 5, 7, 8),
(9116, 4, 2, 5),
(9117, 7, 4, 10),
(9118, 6, 7, 6),
(9119, 1, 9, 2),
(9120, 7, 5, 4),
(9121, 2, 9, 6),
(9122, 6, 10, 6),
(9123, 2, 5, 4),
(9124, 2, 2, 4),
(9125, 4, 10, 7),
(9126, 3, 9, 1),
(9127, 3, 10, 6),
(9128, 3, 1, 1),
(9129, 4, 7, 10),
(9130, 5, 10, 6),
(9131, 1, 7, 4),
(9132, 8, 2, 5),
(9133, 7, 1, 7),
(9134, 7, 3, 3),
(9135, 6, 3, 2),
(9136, 5, 7, 5),
(9137, 8, 6, 2),
(9138, 7, 6, 5),
(9139, 1, 7, 3),
(9140, 10, 2, 6),
(9141, 3, 9, 5),
(9142, 4, 9, 2),
(9143, 10, 1, 7),
(9144, 2, 3, 10),
(9145, 8, 1, 7),
(9146, 7, 7, 2),
(9147, 2, 7, 9),
(9148, 2, 3, 10),
(9149, 6, 1, 10),
(9150, 7, 6, 6),
(9151, 1, 5, 5),
(9152, 7, 6, 6),
(9153, 2, 9, 8),
(9154, 4, 4, 1),
(9155, 10, 9, 2),
(9156, 10, 3, 6),
(9157, 6, 6, 5),
(9158, 7, 5, 2),
(9159, 9, 7, 2),
(9160, 8, 6, 9),
(9161, 9, 8, 10),
(9162, 6, 4, 2),
(9163, 2, 3, 6),
(9164, 10, 2, 2),
(9165, 4, 8, 7),
(9166, 5, 9, 9),
(9167, 6, 4, 6),
(9168, 1, 2, 6),
(9169, 10, 3, 7),
(9170, 9, 4, 6),
(9171, 3, 1, 9),
(9172, 5, 9, 8),
(9173, 1, 8, 1),
(9174, 2, 10, 2),
(9175, 3, 10, 2),
(9176, 10, 4, 9),
(9177, 3, 6, 10),
(9178, 6, 8, 9),
(9179, 8, 7, 9),
(9180, 5, 5, 6),
(9181, 2, 5, 9),
(9182, 10, 9, 6),
(9183, 2, 2, 10),
(9184, 2, 6, 1),
(9185, 10, 7, 6),
(9186, 7, 6, 10),
(9187, 4, 6, 2),
(9188, 1, 1, 4),
(9189, 1, 10, 1),
(9190, 5, 8, 3),
(9191, 7, 8, 1),
(9192, 9, 7, 2),
(9193, 4, 3, 2),
(9194, 8, 2, 7),
(9195, 8, 1, 10),
(9196, 6, 2, 7),
(9197, 8, 8, 7),
(9198, 5, 1, 2),
(9199, 9, 6, 1),
(9200, 5, 7, 10),
(9201, 5, 9, 7),
(9202, 4, 10, 2),
(9203, 10, 1, 1),
(9204, 1, 3, 9),
(9205, 3, 1, 10),
(9206, 7, 4, 2),
(9207, 2, 8, 6),
(9208, 5, 1, 9),
(9209, 4, 9, 4),
(9210, 3, 9, 10),
(9211, 9, 1, 2),
(9212, 4, 5, 5),
(9213, 9, 4, 9),
(9214, 1, 3, 7),
(9215, 2, 4, 4),
(9216, 8, 6, 10),
(9217, 7, 1, 3),
(9218, 9, 1, 1),
(9219, 9, 6, 4),
(9220, 1, 6, 3),
(9221, 3, 9, 2),
(9222, 5, 1, 7),
(9223, 10, 1, 10),
(9224, 9, 5, 9),
(9225, 7, 5, 7),
(9226, 10, 3, 4),
(9227, 9, 8, 9),
(9228, 3, 7, 9),
(9229, 7, 3, 3),
(9230, 2, 5, 3),
(9231, 10, 6, 10),
(9232, 3, 6, 8),
(9233, 10, 6, 1),
(9234, 6, 10, 5),
(9235, 1, 10, 6),
(9236, 9, 4, 1),
(9237, 8, 3, 7),
(9238, 8, 9, 3),
(9239, 2, 1, 7),
(9240, 2, 1, 9),
(9241, 5, 1, 3),
(9242, 9, 9, 7),
(9243, 1, 4, 9),
(9244, 7, 9, 2),
(9245, 7, 7, 1),
(9246, 7, 10, 2),
(9247, 8, 6, 5),
(9248, 1, 6, 8),
(9249, 6, 1, 4),
(9250, 1, 9, 1),
(9251, 2, 1, 8),
(9252, 9, 1, 1),
(9253, 8, 6, 4),
(9254, 8, 5, 1),
(9255, 3, 1, 8),
(9256, 8, 4, 5),
(9257, 3, 4, 8),
(9258, 9, 6, 4),
(9259, 3, 8, 3),
(9260, 1, 2, 5),
(9261, 1, 4, 1),
(9262, 5, 8, 6),
(9263, 8, 4, 2),
(9264, 2, 8, 3),
(9265, 8, 2, 3),
(9266, 5, 1, 2),
(9267, 1, 5, 2),
(9268, 8, 5, 4),
(9269, 2, 4, 6),
(9270, 7, 9, 2),
(9271, 1, 10, 4),
(9272, 6, 8, 6),
(9273, 2, 9, 2),
(9274, 4, 4, 5),
(9275, 6, 9, 4),
(9276, 6, 7, 4),
(9277, 2, 10, 10),
(9278, 3, 7, 3),
(9279, 10, 7, 10),
(9280, 4, 9, 10),
(9281, 9, 1, 7),
(9282, 3, 5, 10),
(9283, 8, 6, 6),
(9284, 4, 10, 7),
(9285, 7, 1, 4),
(9286, 5, 4, 8),
(9287, 9, 7, 4),
(9288, 1, 10, 10),
(9289, 1, 10, 7),
(9290, 3, 8, 10),
(9291, 10, 4, 5),
(9292, 9, 6, 3),
(9293, 7, 3, 3),
(9294, 10, 5, 1),
(9295, 9, 3, 9),
(9296, 1, 2, 9),
(9297, 9, 7, 8),
(9298, 8, 9, 9),
(9299, 10, 9, 3),
(9300, 2, 7, 8),
(9301, 3, 2, 6),
(9302, 10, 10, 1),
(9303, 10, 10, 4),
(9304, 2, 6, 3),
(9305, 5, 4, 2),
(9306, 5, 4, 2),
(9307, 6, 5, 1),
(9308, 3, 9, 4),
(9309, 6, 3, 5),
(9310, 9, 4, 5),
(9311, 9, 7, 8),
(9312, 8, 4, 9),
(9313, 10, 8, 7),
(9314, 3, 5, 6),
(9315, 3, 10, 8),
(9316, 7, 4, 1),
(9317, 7, 10, 6),
(9318, 10, 6, 3),
(9319, 5, 7, 6),
(9320, 5, 7, 2),
(9321, 8, 3, 1),
(9322, 7, 10, 8),
(9323, 6, 1, 1),
(9324, 5, 5, 1),
(9325, 6, 2, 8),
(9326, 3, 3, 1),
(9327, 7, 8, 9),
(9328, 5, 5, 6),
(9329, 7, 10, 9),
(9330, 10, 5, 2),
(9331, 10, 2, 8),
(9332, 4, 8, 2),
(9333, 6, 9, 6),
(9334, 1, 8, 5),
(9335, 2, 2, 3),
(9336, 9, 1, 4),
(9337, 8, 6, 6),
(9338, 1, 4, 6),
(9339, 2, 9, 4),
(9340, 10, 6, 7),
(9341, 4, 2, 3),
(9342, 9, 10, 10),
(9343, 10, 3, 7),
(9344, 3, 2, 10),
(9345, 6, 2, 6),
(9346, 9, 8, 1),
(9347, 5, 6, 5),
(9348, 3, 4, 6),
(9349, 4, 8, 5),
(9350, 1, 7, 7),
(9351, 1, 1, 7),
(9352, 6, 7, 1),
(9353, 3, 3, 5),
(9354, 7, 2, 7),
(9355, 7, 1, 5),
(9356, 4, 5, 8),
(9357, 5, 10, 1),
(9358, 8, 9, 3),
(9359, 8, 7, 1),
(9360, 3, 3, 4),
(9361, 8, 9, 7),
(9362, 3, 9, 7),
(9363, 7, 9, 6),
(9364, 4, 2, 6),
(9365, 2, 7, 6),
(9366, 9, 5, 9),
(9367, 1, 6, 4),
(9368, 2, 9, 6),
(9369, 7, 9, 3),
(9370, 9, 2, 1),
(9371, 7, 9, 2),
(9372, 3, 8, 1),
(9373, 7, 9, 6),
(9374, 10, 6, 3),
(9375, 10, 10, 1),
(9376, 5, 3, 1),
(9377, 8, 8, 3),
(9378, 4, 1, 6),
(9379, 5, 1, 4),
(9380, 6, 5, 4),
(9381, 9, 8, 2),
(9382, 3, 1, 4),
(9383, 8, 4, 10),
(9384, 3, 5, 1),
(9385, 7, 9, 8),
(9386, 8, 1, 7),
(9387, 2, 5, 2),
(9388, 10, 1, 5),
(9389, 8, 10, 6),
(9390, 2, 4, 3),
(9391, 3, 8, 10),
(9392, 6, 3, 10),
(9393, 4, 3, 10),
(9394, 9, 4, 8),
(9395, 10, 9, 4),
(9396, 7, 9, 1),
(9397, 4, 2, 2),
(9398, 10, 9, 10),
(9399, 8, 1, 4),
(9400, 6, 8, 2),
(9401, 10, 2, 1),
(9402, 8, 5, 9),
(9403, 2, 3, 6),
(9404, 5, 2, 8),
(9405, 2, 5, 2),
(9406, 2, 1, 8),
(9407, 4, 5, 8),
(9408, 10, 10, 3),
(9409, 10, 4, 9),
(9410, 6, 8, 5),
(9411, 9, 1, 8),
(9412, 2, 7, 9),
(9413, 3, 5, 1),
(9414, 5, 8, 4),
(9415, 8, 2, 3),
(9416, 1, 7, 3),
(9417, 6, 2, 2),
(9418, 4, 7, 6),
(9419, 2, 5, 5),
(9420, 5, 5, 7),
(9421, 10, 4, 6),
(9422, 4, 10, 10),
(9423, 2, 3, 5),
(9424, 4, 3, 10),
(9425, 3, 10, 4),
(9426, 7, 1, 1),
(9427, 5, 1, 4),
(9428, 7, 2, 3),
(9429, 3, 8, 7),
(9430, 10, 10, 3),
(9431, 9, 1, 5),
(9432, 2, 10, 6),
(9433, 4, 6, 3),
(9434, 7, 6, 5),
(9435, 6, 3, 8),
(9436, 9, 5, 5),
(9437, 5, 2, 4),
(9438, 7, 5, 8),
(9439, 6, 3, 3),
(9440, 5, 9, 4),
(9441, 7, 9, 3),
(9442, 7, 5, 6),
(9443, 5, 3, 1),
(9444, 5, 10, 10),
(9445, 8, 5, 9),
(9446, 3, 6, 10),
(9447, 5, 5, 4),
(9448, 3, 8, 1),
(9449, 10, 9, 2),
(9450, 5, 4, 1),
(9451, 1, 9, 2),
(9452, 1, 3, 1),
(9453, 7, 9, 1),
(9454, 6, 6, 6),
(9455, 7, 3, 10),
(9456, 10, 5, 4),
(9457, 10, 8, 1),
(9458, 4, 5, 7),
(9459, 5, 5, 9),
(9460, 9, 9, 8),
(9461, 1, 1, 7),
(9462, 8, 7, 6),
(9463, 1, 4, 2),
(9464, 2, 10, 8),
(9465, 6, 4, 3),
(9466, 6, 6, 5),
(9467, 8, 4, 6),
(9468, 2, 5, 9),
(9469, 8, 1, 6),
(9470, 8, 3, 3),
(9471, 3, 3, 4),
(9472, 10, 7, 8),
(9473, 6, 7, 8),
(9474, 4, 3, 4),
(9475, 10, 1, 1),
(9476, 10, 9, 6),
(9477, 3, 7, 9),
(9478, 7, 3, 3),
(9479, 7, 10, 8),
(9480, 2, 10, 2),
(9481, 10, 7, 7),
(9482, 3, 8, 1),
(9483, 8, 8, 10),
(9484, 5, 3, 8),
(9485, 10, 8, 10),
(9486, 10, 6, 8),
(9487, 9, 4, 10),
(9488, 10, 5, 6),
(9489, 4, 8, 4),
(9490, 3, 3, 4),
(9491, 3, 4, 9),
(9492, 8, 2, 2),
(9493, 4, 3, 1),
(9494, 1, 1, 5),
(9495, 10, 2, 3),
(9496, 1, 10, 10),
(9497, 6, 8, 1),
(9498, 2, 4, 6),
(9499, 10, 9, 1),
(9500, 1, 7, 4),
(9501, 6, 10, 2),
(9502, 9, 4, 6),
(9503, 6, 6, 6),
(9504, 3, 1, 8),
(9505, 8, 4, 2),
(9506, 4, 10, 8),
(9507, 3, 3, 5),
(9508, 3, 4, 5),
(9509, 1, 10, 9),
(9510, 1, 10, 6),
(9511, 6, 7, 6),
(9512, 10, 10, 3),
(9513, 6, 8, 9),
(9514, 9, 10, 6),
(9515, 6, 3, 5),
(9516, 9, 6, 8),
(9517, 6, 5, 4),
(9518, 3, 4, 4),
(9519, 1, 6, 6),
(9520, 4, 5, 7),
(9521, 6, 5, 4),
(9522, 9, 7, 10),
(9523, 9, 8, 9),
(9524, 1, 9, 7),
(9525, 4, 2, 1),
(9526, 6, 6, 7),
(9527, 10, 5, 3),
(9528, 4, 4, 7),
(9529, 7, 8, 1),
(9530, 9, 6, 4),
(9531, 3, 6, 8),
(9532, 3, 1, 4),
(9533, 9, 3, 1),
(9534, 7, 1, 1),
(9535, 6, 2, 4),
(9536, 10, 4, 3),
(9537, 6, 3, 3),
(9538, 5, 6, 9),
(9539, 10, 1, 8),
(9540, 2, 4, 1),
(9541, 6, 2, 8),
(9542, 10, 8, 9),
(9543, 10, 8, 4),
(9544, 6, 2, 3),
(9545, 6, 1, 6),
(9546, 9, 4, 7),
(9547, 5, 6, 9),
(9548, 5, 7, 9),
(9549, 8, 7, 5),
(9550, 8, 4, 2),
(9551, 3, 1, 1),
(9552, 10, 9, 1),
(9553, 5, 7, 7),
(9554, 9, 10, 2),
(9555, 1, 4, 6),
(9556, 7, 4, 10),
(9557, 4, 7, 5),
(9558, 4, 9, 2),
(9559, 7, 4, 9),
(9560, 8, 6, 9),
(9561, 5, 2, 5),
(9562, 1, 2, 6),
(9563, 1, 3, 8),
(9564, 6, 1, 2),
(9565, 3, 9, 6),
(9566, 8, 5, 5),
(9567, 8, 10, 9),
(9568, 3, 8, 8),
(9569, 8, 2, 8),
(9570, 4, 6, 1),
(9571, 1, 9, 3),
(9572, 1, 10, 1),
(9573, 4, 2, 1),
(9574, 6, 8, 5),
(9575, 3, 8, 4),
(9576, 8, 9, 8),
(9577, 8, 7, 8),
(9578, 5, 6, 9),
(9579, 9, 4, 10),
(9580, 7, 4, 4),
(9581, 5, 8, 1),
(9582, 2, 5, 10),
(9583, 8, 10, 8),
(9584, 10, 7, 8),
(9585, 1, 3, 4),
(9586, 7, 6, 2),
(9587, 5, 3, 4),
(9588, 8, 6, 7),
(9589, 6, 7, 2),
(9590, 1, 7, 1),
(9591, 8, 3, 10),
(9592, 8, 7, 3),
(9593, 1, 10, 10),
(9594, 9, 3, 2),
(9595, 4, 7, 10),
(9596, 3, 7, 2),
(9597, 4, 2, 2),
(9598, 10, 3, 5),
(9599, 2, 1, 8),
(9600, 3, 1, 3),
(9601, 1, 6, 5),
(9602, 2, 7, 2),
(9603, 1, 4, 7),
(9604, 10, 7, 1),
(9605, 7, 5, 6),
(9606, 9, 2, 1),
(9607, 8, 8, 9),
(9608, 2, 10, 6),
(9609, 9, 10, 6),
(9610, 1, 1, 3),
(9611, 6, 6, 10),
(9612, 3, 9, 10),
(9613, 2, 5, 10),
(9614, 5, 1, 6),
(9615, 3, 2, 4),
(9616, 2, 8, 1),
(9617, 8, 10, 10),
(9618, 5, 3, 4),
(9619, 2, 6, 7),
(9620, 10, 3, 6),
(9621, 9, 10, 2),
(9622, 1, 6, 2),
(9623, 4, 10, 6),
(9624, 9, 10, 2),
(9625, 5, 6, 7),
(9626, 9, 9, 10),
(9627, 2, 10, 1),
(9628, 6, 2, 6),
(9629, 8, 5, 2),
(9630, 9, 10, 4),
(9631, 3, 6, 1),
(9632, 5, 6, 9),
(9633, 10, 1, 9),
(9634, 9, 7, 3),
(9635, 10, 8, 10),
(9636, 5, 1, 5),
(9637, 5, 1, 8),
(9638, 10, 8, 7),
(9639, 7, 9, 4),
(9640, 6, 4, 10),
(9641, 1, 8, 4),
(9642, 5, 7, 6),
(9643, 2, 3, 1),
(9644, 6, 5, 8),
(9645, 8, 6, 8),
(9646, 5, 6, 10),
(9647, 6, 9, 2),
(9648, 10, 5, 7),
(9649, 9, 9, 2),
(9650, 10, 2, 2),
(9651, 1, 3, 2),
(9652, 7, 10, 6),
(9653, 9, 7, 8),
(9654, 3, 8, 4),
(9655, 6, 1, 9),
(9656, 10, 1, 6),
(9657, 4, 6, 9),
(9658, 5, 1, 1),
(9659, 6, 10, 2),
(9660, 5, 2, 1),
(9661, 5, 4, 5),
(9662, 8, 5, 3),
(9663, 1, 1, 4),
(9664, 7, 2, 10),
(9665, 3, 5, 9),
(9666, 9, 8, 4),
(9667, 2, 1, 6),
(9668, 9, 1, 7),
(9669, 9, 5, 10),
(9670, 4, 8, 9),
(9671, 10, 1, 3),
(9672, 8, 2, 7),
(9673, 5, 1, 9),
(9674, 3, 5, 2),
(9675, 10, 3, 8),
(9676, 4, 4, 2),
(9677, 1, 6, 9),
(9678, 4, 4, 5),
(9679, 7, 6, 10),
(9680, 3, 10, 1),
(9681, 5, 5, 3),
(9682, 1, 8, 9),
(9683, 3, 9, 10),
(9684, 6, 9, 4),
(9685, 8, 7, 9),
(9686, 6, 4, 8),
(9687, 9, 6, 8),
(9688, 6, 4, 10),
(9689, 2, 8, 4),
(9690, 8, 8, 2),
(9691, 10, 6, 10),
(9692, 2, 4, 10),
(9693, 3, 3, 10),
(9694, 7, 7, 7),
(9695, 8, 10, 3),
(9696, 2, 1, 10),
(9697, 10, 3, 9),
(9698, 10, 2, 9),
(9699, 7, 8, 7),
(9700, 1, 9, 4),
(9701, 2, 4, 1),
(9702, 9, 6, 6),
(9703, 9, 9, 3),
(9704, 5, 4, 8),
(9705, 6, 7, 8),
(9706, 2, 6, 1),
(9707, 2, 5, 4),
(9708, 4, 1, 4),
(9709, 9, 7, 10),
(9710, 1, 9, 3),
(9711, 1, 10, 8),
(9712, 3, 1, 9),
(9713, 7, 6, 1),
(9714, 9, 1, 2),
(9715, 2, 10, 8),
(9716, 2, 5, 6),
(9717, 1, 6, 9),
(9718, 8, 5, 10),
(9719, 1, 3, 7),
(9720, 5, 10, 5),
(9721, 3, 1, 8),
(9722, 9, 3, 7),
(9723, 6, 8, 6),
(9724, 6, 1, 3),
(9725, 1, 7, 9),
(9726, 10, 7, 7),
(9727, 2, 3, 10),
(9728, 6, 2, 1),
(9729, 8, 7, 2),
(9730, 8, 8, 8),
(9731, 8, 10, 6),
(9732, 8, 10, 10),
(9733, 4, 1, 4),
(9734, 6, 6, 7),
(9735, 2, 6, 1),
(9736, 3, 9, 10),
(9737, 1, 5, 4),
(9738, 8, 2, 8),
(9739, 9, 7, 1),
(9740, 2, 2, 5),
(9741, 10, 8, 8),
(9742, 7, 9, 6),
(9743, 2, 4, 1),
(9744, 1, 4, 4),
(9745, 10, 5, 1),
(9746, 6, 5, 7),
(9747, 1, 7, 10),
(9748, 10, 8, 9),
(9749, 7, 4, 3),
(9750, 10, 1, 10),
(9751, 5, 2, 9),
(9752, 6, 2, 6),
(9753, 6, 9, 7),
(9754, 4, 3, 5),
(9755, 2, 9, 7),
(9756, 8, 3, 1),
(9757, 9, 1, 2),
(9758, 5, 5, 2),
(9759, 10, 1, 2),
(9760, 7, 4, 1),
(9761, 9, 10, 6),
(9762, 4, 6, 9),
(9763, 7, 6, 8),
(9764, 2, 3, 3),
(9765, 9, 8, 8),
(9766, 7, 6, 9),
(9767, 7, 3, 5),
(9768, 2, 5, 1),
(9769, 6, 3, 4),
(9770, 10, 1, 2),
(9771, 5, 4, 9),
(9772, 7, 10, 4),
(9773, 2, 3, 9),
(9774, 1, 8, 1),
(9775, 5, 6, 10),
(9776, 10, 7, 8),
(9777, 1, 2, 9),
(9778, 10, 3, 8),
(9779, 2, 7, 8),
(9780, 5, 1, 3),
(9781, 4, 9, 2),
(9782, 8, 1, 4),
(9783, 1, 9, 4),
(9784, 7, 8, 3),
(9785, 9, 7, 10),
(9786, 2, 5, 7),
(9787, 7, 1, 3),
(9788, 1, 2, 6),
(9789, 6, 7, 9),
(9790, 3, 4, 1),
(9791, 9, 2, 6),
(9792, 5, 6, 8),
(9793, 8, 6, 5),
(9794, 5, 3, 10),
(9795, 1, 1, 9),
(9796, 7, 6, 2),
(9797, 10, 6, 8),
(9798, 5, 2, 8),
(9799, 9, 9, 10),
(9800, 8, 3, 9),
(9801, 5, 3, 5),
(9802, 1, 2, 3),
(9803, 6, 1, 10),
(9804, 1, 8, 8),
(9805, 6, 8, 6),
(9806, 4, 2, 1),
(9807, 3, 5, 4),
(9808, 4, 9, 4),
(9809, 7, 9, 2),
(9810, 1, 10, 1),
(9811, 1, 5, 10),
(9812, 4, 4, 4),
(9813, 9, 10, 3),
(9814, 10, 5, 8),
(9815, 5, 10, 2),
(9816, 7, 1, 1),
(9817, 1, 2, 5),
(9818, 10, 1, 10),
(9819, 9, 7, 10),
(9820, 1, 3, 2),
(9821, 2, 5, 6),
(9822, 3, 9, 6),
(9823, 5, 7, 4),
(9824, 3, 9, 9),
(9825, 4, 8, 3),
(9826, 6, 2, 3),
(9827, 10, 4, 5),
(9828, 9, 6, 1),
(9829, 2, 6, 6),
(9830, 1, 2, 1),
(9831, 10, 7, 6),
(9832, 4, 4, 2),
(9833, 10, 7, 5),
(9834, 5, 4, 6),
(9835, 4, 9, 5),
(9836, 8, 2, 6),
(9837, 10, 3, 7),
(9838, 4, 1, 7),
(9839, 5, 1, 10),
(9840, 8, 1, 7),
(9841, 9, 6, 3),
(9842, 10, 6, 5),
(9843, 6, 4, 8),
(9844, 8, 2, 1),
(9845, 8, 4, 6),
(9846, 6, 2, 4),
(9847, 6, 6, 4),
(9848, 8, 1, 9),
(9849, 10, 3, 6),
(9850, 3, 7, 6),
(9851, 3, 6, 3),
(9852, 8, 5, 8),
(9853, 3, 10, 8),
(9854, 3, 8, 3),
(9855, 8, 7, 9),
(9856, 5, 3, 9),
(9857, 6, 1, 7),
(9858, 5, 2, 6),
(9859, 8, 10, 4),
(9860, 8, 8, 9),
(9861, 9, 6, 4),
(9862, 3, 10, 6),
(9863, 5, 9, 1);
INSERT INTO `orders` (`id`, `box_id`, `product_id`, `num`) VALUES
(9864, 3, 7, 4),
(9865, 5, 1, 1),
(9866, 8, 6, 1),
(9867, 2, 8, 7),
(9868, 3, 7, 9),
(9869, 4, 9, 8),
(9870, 8, 7, 7),
(9871, 10, 5, 6),
(9872, 9, 8, 5),
(9873, 5, 10, 3),
(9874, 7, 4, 2),
(9875, 8, 6, 5),
(9876, 5, 8, 3),
(9877, 7, 3, 9),
(9878, 7, 3, 2),
(9879, 2, 10, 5),
(9880, 6, 2, 8),
(9881, 10, 6, 10),
(9882, 4, 1, 3),
(9883, 4, 1, 3),
(9884, 5, 2, 9),
(9885, 8, 5, 3),
(9886, 7, 3, 3),
(9887, 1, 4, 8),
(9888, 2, 9, 5),
(9889, 8, 7, 8),
(9890, 5, 1, 9),
(9891, 3, 9, 4),
(9892, 9, 2, 1),
(9893, 8, 5, 1),
(9894, 10, 8, 5),
(9895, 4, 1, 9),
(9896, 10, 2, 2),
(9897, 7, 2, 10),
(9898, 5, 1, 6),
(9899, 8, 8, 4),
(9900, 5, 9, 8),
(9901, 3, 10, 2),
(9902, 8, 10, 5),
(9903, 2, 7, 6),
(9904, 6, 8, 7),
(9905, 6, 2, 8),
(9906, 3, 4, 8),
(9907, 8, 3, 4),
(9908, 5, 10, 5),
(9909, 9, 6, 10),
(9910, 9, 4, 2),
(9911, 4, 3, 10),
(9912, 10, 6, 2),
(9913, 7, 9, 4),
(9914, 4, 6, 5),
(9915, 10, 4, 1),
(9916, 6, 6, 9),
(9917, 4, 8, 6),
(9918, 1, 7, 3),
(9919, 9, 1, 5),
(9920, 7, 5, 4),
(9921, 7, 10, 6),
(9922, 6, 1, 4),
(9923, 4, 10, 10),
(9924, 4, 1, 5),
(9925, 8, 7, 3),
(9926, 8, 3, 7),
(9927, 9, 8, 3),
(9928, 4, 6, 9),
(9929, 6, 7, 2),
(9930, 1, 1, 5),
(9931, 9, 7, 2),
(9932, 8, 10, 5),
(9933, 10, 1, 7),
(9934, 4, 9, 3),
(9935, 9, 6, 1),
(9936, 2, 5, 4),
(9937, 1, 8, 1),
(9938, 4, 1, 4),
(9939, 2, 7, 6),
(9940, 3, 5, 9),
(9941, 4, 10, 2),
(9942, 1, 9, 1),
(9943, 2, 6, 6),
(9944, 6, 3, 10),
(9945, 9, 6, 9),
(9946, 6, 8, 9),
(9947, 10, 9, 8),
(9948, 2, 4, 1),
(9949, 6, 1, 7),
(9950, 7, 8, 7),
(9951, 1, 6, 3),
(9952, 1, 5, 5),
(9953, 5, 9, 6),
(9954, 9, 2, 6),
(9955, 2, 3, 8),
(9956, 6, 4, 2),
(9957, 3, 10, 7),
(9958, 9, 5, 6),
(9959, 3, 4, 7),
(9960, 2, 3, 8),
(9961, 7, 1, 2),
(9962, 9, 7, 2),
(9963, 7, 1, 1),
(9964, 2, 10, 10),
(9965, 6, 7, 1),
(9966, 6, 7, 9),
(9967, 7, 2, 7),
(9968, 6, 8, 3),
(9969, 7, 4, 5),
(9970, 7, 6, 9),
(9971, 3, 10, 7),
(9972, 8, 6, 6),
(9973, 5, 10, 8),
(9974, 1, 2, 10),
(9975, 10, 7, 5),
(9976, 8, 2, 9),
(9977, 8, 4, 7),
(9978, 7, 5, 7),
(9979, 7, 5, 1),
(9980, 4, 4, 4),
(9981, 1, 4, 6),
(9982, 1, 5, 3),
(9983, 3, 1, 10),
(9984, 8, 4, 7),
(9985, 7, 5, 2),
(9986, 6, 7, 3),
(9987, 3, 8, 9),
(9988, 6, 4, 6),
(9989, 4, 8, 3),
(9990, 6, 2, 4),
(9991, 7, 10, 7),
(9992, 4, 4, 8),
(9993, 10, 7, 5),
(9994, 6, 9, 7),
(9995, 5, 2, 8),
(9996, 7, 9, 8),
(9997, 6, 6, 9),
(9998, 6, 8, 10),
(9999, 7, 10, 1),
(10000, 10, 6, 4),
(10001, 8, 8, 8),
(10002, 8, 10, 7),
(10003, 5, 3, 2),
(10004, 5, 2, 3),
(10005, 7, 6, 10),
(10006, 6, 9, 5),
(10007, 5, 6, 3),
(10008, 6, 5, 8),
(10009, 6, 4, 10),
(10010, 8, 3, 3),
(10011, 7, 7, 2),
(10012, 6, 8, 5),
(10013, 10, 2, 10),
(10014, 1, 5, 5),
(10015, 5, 5, 3),
(10016, 8, 8, 2),
(10017, 1, 8, 5),
(10018, 2, 9, 7),
(10019, 6, 3, 8),
(10020, 9, 10, 4),
(10021, 1, 2, 3),
(10022, 9, 10, 2),
(10023, 4, 6, 7),
(10024, 5, 6, 3),
(10025, 2, 9, 5),
(10026, 5, 6, 4);

-- --------------------------------------------------------

--
-- Table structure for table `product`
--

CREATE TABLE `product` (
  `id` int(11) NOT NULL,
  `name` varchar(50) NOT NULL,
  `inventory` int(11) NOT NULL DEFAULT 0,
  `buy_price` bigint(20) NOT NULL,
  `sell_price` bigint(20) NOT NULL
) ENGINE=InnoDB DEFAULT CHARSET=latin1 COLLATE=latin1_swedish_ci;

--
-- Dumping data for table `product`
--

INSERT INTO `product` (`id`, `name`, `inventory`, `buy_price`, `sell_price`) VALUES
(1, 'Samsung mobile phone', 100, 500, 700),
(2, 'Dell laptop', 50, 1000, 1300),
(3, 'iPad tablet', 70, 800, 1000),
(4, 'Nikon camera', 30, 700, 900),
(5, 'LG television', 40, 1500, 1800),
(6, 'Huawei smartphone', 120, 400, 550),
(7, 'Bosch household appliances', 80, 900, 1100),
(8, 'Laptop bag', 200, 50, 70),
(9, 'Bluetooth headphones', 150, 30, 50),
(10, 'LG monitor', 60, 300, 400);

-- --------------------------------------------------------

--
-- Table structure for table `product_tag`
--

CREATE TABLE `product_tag` (
  `product_id` int(11) NOT NULL,
  `tag_id` int(11) NOT NULL
) ENGINE=InnoDB DEFAULT CHARSET=latin1 COLLATE=latin1_swedish_ci;

--
-- Dumping data for table `product_tag`
--

INSERT INTO `product_tag` (`product_id`, `tag_id`) VALUES
(1, 1),
(1, 2),
(2, 1),
(2, 3),
(3, 4),
(3, 5),
(4, 2),
(5, 3),
(6, 1),
(7, 3),
(8, 4),
(9, 5),
(10, 2),
(10, 4);

-- --------------------------------------------------------

--
-- Table structure for table `tag`
--

CREATE TABLE `tag` (
  `id` int(11) NOT NULL,
  `name` varchar(100) NOT NULL
) ENGINE=InnoDB DEFAULT CHARSET=latin1 COLLATE=latin1_swedish_ci;

--
-- Dumping data for table `tag`
--

INSERT INTO `tag` (`id`, `name`) VALUES
(1, 'Mobile'),
(2, 'Electronics'),
(3, 'Television'),
(4, 'Accessories'),
(5, 'Tablet');

-- --------------------------------------------------------

--
-- Table structure for table `user`
--

CREATE TABLE `user` (
  `id` int(11) NOT NULL,
  `name` varchar(100) DEFAULT NULL,
  `email` varchar(100) DEFAULT NULL,
  `age` int(11) NOT NULL,
  `username` varchar(15) NOT NULL,
  `password` varchar(512) NOT NULL,
  `date_created` datetime NOT NULL DEFAULT current_timestamp()
) ENGINE=InnoDB DEFAULT CHARSET=latin1 COLLATE=latin1_swedish_ci;

--
-- Dumping data for table `user`
--

INSERT INTO `user` (`id`, `name`, `email`, `age`, `username`, `password`, `date_created`) VALUES
(1, 'John Doe', 'johndoe@example.com', 30, 'johndoe', 'password', '2021-01-01 00:00:00'),
(2, 'Jane Smith', 'janesmith@example.com', 25, 'janesmith', 'password123', '2021-02-02 00:00:00'),
(3, 'Bob Johnson', 'bjohnson@example.com', 40, 'bjohnson', 'securepassword', '2021-03-03 00:00:00'),
(4, 'Alice Williams', 'awilliams@example.com', 35, 'awilliams', 'password1234', '2021-04-04 00:00:00'),
(5, 'David Brown', 'dbrown@example.com', 28, 'dbrown', 'mypassword', '2021-05-05 00:00:00'),
(6, 'Sarah Lee', 'sarahlee@example.com', 22, 'sarahlee', 'password12345', '2021-06-06 00:00:00'),
(7, 'Michael Davis', 'mdavis@example.com', 45, 'mdavis', 'passwordsecure', '2021-07-07 00:00:00'),
(8, 'Emily Wilson', 'ewilson@example.com', 32, 'ewilson', 'password567', '2021-08-08 00:00:00'),
(9, 'Steven Martin', 'smartin@example.com', 50, 'smartin', 'mypassword123', '2021-09-09 00:00:00'),
(10, 'Karen Taylor', 'ktaylor@example.com', 27, 'ktaylor', 'password7890', '2021-10-10 00:00:00');

-- --------------------------------------------------------

--
-- Table structure for table `user_address`
--

CREATE TABLE `user_address` (
  `id` int(11) NOT NULL,
  `user_id` int(11) NOT NULL,
  `country` varchar(50) NOT NULL,
  `province` varchar(50) NOT NULL,
  `city` varchar(50) NOT NULL,
  `address` varchar(500) NOT NULL,
  `postal_code` int(11) NOT NULL
) ENGINE=InnoDB DEFAULT CHARSET=latin1 COLLATE=latin1_swedish_ci;

--
-- Dumping data for table `user_address`
--

INSERT INTO `user_address` (`id`, `user_id`, `country`, `province`, `city`, `address`, `postal_code`) VALUES
(1, 1, 'USA', 'California', 'Los Angeles', '123 Main St', 90001),
(2, 2, 'Canada', 'Ontario', 'Toronto', '456 Yonge St', 772834),
(3, 3, 'Australia', 'New South Wales', 'Sydney', '789 George St', 2000),
(4, 4, 'UK', 'England', 'London', '10 Downing St', 88325),
(5, 5, 'USA', 'New York', 'New York City', '1 Times Square', 10036),
(6, 6, 'Canada', 'Alberta', 'Calgary', '234 5th Ave SW', 32535),
(7, 7, 'Australia', 'Victoria', 'Melbourne', '345 Collins St', 3000),
(8, 8, 'UK', 'Scotland', 'Edinburgh', '67 George St', 325995),
(9, 9, 'USA', 'Texas', 'Houston', '890 Main St', 77002),
(10, 10, 'Canada', 'Quebec', 'Montreal', '567 St Catherine St W', 43435);

-- --------------------------------------------------------

--
-- Table structure for table `user_bank_detail`
--

CREATE TABLE `user_bank_detail` (
  `id` int(11) NOT NULL,
  `user_id` int(11) NOT NULL,
  `account_number` varchar(16) NOT NULL
) ENGINE=InnoDB DEFAULT CHARSET=latin1 COLLATE=latin1_swedish_ci;

--
-- Dumping data for table `user_bank_detail`
--

INSERT INTO `user_bank_detail` (`id`, `user_id`, `account_number`) VALUES
(1, 1, '1234567890'),
(2, 2, '2345678901'),
(3, 3, '3456789012'),
(4, 4, '4567890123'),
(5, 5, '5678901234'),
(6, 6, '6789012345'),
(7, 7, '7890123456'),
(8, 8, '8901234567'),
(9, 9, '9012345678'),
(10, 10, '0123456789');

--
-- Indexes for dumped tables
--

--
-- Indexes for table `box`
--
ALTER TABLE `box`
  ADD PRIMARY KEY (`id`);

--
-- Indexes for table `orders`
--
ALTER TABLE `orders`
  ADD PRIMARY KEY (`id`);

--
-- Indexes for table `product`
--
ALTER TABLE `product`
  ADD PRIMARY KEY (`id`);

--
-- Indexes for table `tag`
--
ALTER TABLE `tag`
  ADD PRIMARY KEY (`id`);

--
-- Indexes for table `user`
--
ALTER TABLE `user`
  ADD PRIMARY KEY (`id`);

--
-- Indexes for table `user_address`
--
ALTER TABLE `user_address`
  ADD PRIMARY KEY (`id`);

--
-- Indexes for table `user_bank_detail`
--
ALTER TABLE `user_bank_detail`
  ADD PRIMARY KEY (`id`);

--
-- AUTO_INCREMENT for dumped tables
--

--
-- AUTO_INCREMENT for table `box`
--
ALTER TABLE `box`
  MODIFY `id` int(11) NOT NULL AUTO_INCREMENT, AUTO_INCREMENT=111;

--
-- AUTO_INCREMENT for table `orders`
--
ALTER TABLE `orders`
  MODIFY `id` int(11) NOT NULL AUTO_INCREMENT, AUTO_INCREMENT=10027;

--
-- AUTO_INCREMENT for table `product`
--
ALTER TABLE `product`
  MODIFY `id` int(11) NOT NULL AUTO_INCREMENT, AUTO_INCREMENT=11;

--
-- AUTO_INCREMENT for table `tag`
--
ALTER TABLE `tag`
  MODIFY `id` int(11) NOT NULL AUTO_INCREMENT, AUTO_INCREMENT=6;

--
-- AUTO_INCREMENT for table `user`
--
ALTER TABLE `user`
  MODIFY `id` int(11) NOT NULL AUTO_INCREMENT, AUTO_INCREMENT=11;

--
-- AUTO_INCREMENT for table `user_address`
--
ALTER TABLE `user_address`
  MODIFY `id` int(11) NOT NULL AUTO_INCREMENT, AUTO_INCREMENT=11;

--
-- AUTO_INCREMENT for table `user_bank_detail`
--
ALTER TABLE `user_bank_detail`
  MODIFY `id` int(11) NOT NULL AUTO_INCREMENT, AUTO_INCREMENT=11;
COMMIT;

/*!40101 SET CHARACTER_SET_CLIENT=@OLD_CHARACTER_SET_CLIENT */;
/*!40101 SET CHARACTER_SET_RESULTS=@OLD_CHARACTER_SET_RESULTS */;
/*!40101 SET COLLATION_CONNECTION=@OLD_COLLATION_CONNECTION */;
